Customer_Age,Annual_Income,Years_with_Company,Purchase_Frequency,Avg_Spend_Per_Purchase,Subscribed_to_Loyalty_Program,Churn
56,128737,2,7,868,Yes,No
69,101061,7,10,4918,No,No
46,43398,2,16,62,No,No
32,118393,13,3,4029,Yes,Yes
60,70861,27,10,970,No,No
25,95897,12,6,4970,Yes,No
78,101905,12,18,2468,Yes,No
38,147118,1,18,1364,No,No
56,88577,12,5,3727,Yes,No
75,85641,28,7,2067,No,No
36,29078,18,2,1278,Yes,No
40,45003,26,11,4842,No,No
28,82768,5,13,2484,No,No
28,71047,15,5,2918,No,No
41,91626,1,6,2565,Yes,No
70,77660,7,14,1488,No,No
53,124386,16,12,4214,Yes,No
57,69786,22,4,3593,Yes,No
41,21925,1,6,3225,Yes,No
20,103976,9,10,1831,Yes,No
39,125221,27,18,2313,Yes,No
70,137832,15,15,2019,No,No
19,145150,5,8,261,Yes,Yes
41,46015,27,9,557,No,No
61,53320,1,5,381,No,Yes
47,84881,1,10,600,Yes,Yes
55,110827,25,6,991,No,No
19,140071,12,16,777,No,Yes
77,122215,23,3,2912,Yes,No
38,46289,14,10,3293,No,Yes
50,148859,27,11,698,Yes,Yes
29,23389,1,11,2787,Yes,No
75,45683,6,17,2797,Yes,No
39,33629,2,4,1059,No,No
78,81550,7,4,1600,No,No
61,44826,22,17,853,No,Yes
42,120734,13,9,4130,No,No
66,46630,23,19,4359,Yes,No
44,118762,29,5,4314,Yes,No
76,66163,22,6,3451,No,No
59,118511,26,3,4291,Yes,No
45,86435,21,1,4661,No,No
77,31653,28,16,3211,Yes,No
33,47961,6,11,4598,Yes,No
32,101941,20,13,4205,Yes,No
79,94137,6,10,577,Yes,Yes
79,53662,0,3,3348,Yes,No
64,118818,16,9,1073,No,No
79,76446,8,12,3784,No,No
68,41288,29,14,482,Yes,No
61,142555,20,1,1226,No,Yes
72,115081,12,18,450,Yes,No
69,56877,20,17,2154,Yes,No
74,131562,18,9,3100,Yes,Yes
20,35313,20,9,2283,Yes,No
54,100885,18,10,2495,No,No
68,92715,24,19,4750,Yes,No
24,30326,24,15,2885,No,No
38,130091,21,5,2563,Yes,No
26,145836,16,15,1823,Yes,Yes
56,21560,22,2,1146,No,No
35,99148,22,13,978,Yes,No
21,103186,29,16,2001,Yes,Yes
42,46745,9,15,2023,No,No
77,51890,9,10,1604,No,No
31,40022,3,14,2828,No,No
67,143629,7,10,4471,Yes,No
75,72579,21,14,1044,Yes,No
26,90316,19,9,662,No,No
43,103847,19,14,2643,No,No
70,48380,17,3,645,Yes,Yes
19,130198,13,16,891,Yes,No
37,22356,17,2,4489,No,No
45,90326,27,10,908,No,No
64,112447,13,3,494,No,No
77,134994,19,11,1838,No,No
24,109899,20,11,4367,Yes,No
61,40049,23,13,3504,Yes,Yes
78,95717,14,7,4002,Yes,No
25,125361,21,17,4737,Yes,Yes
64,36082,29,2,1080,No,No
52,20661,3,12,1345,Yes,No
31,57412,12,10,2113,No,No
34,134015,26,18,1497,Yes,Yes
53,143191,22,11,2095,Yes,No
67,22920,7,16,4669,Yes,Yes
57,111194,17,17,2900,No,Yes
21,134306,11,19,3874,Yes,No
19,80315,22,18,2118,No,No
79,99561,13,3,3811,No,Yes
23,28946,1,16,2325,Yes,Yes
71,114242,17,6,1858,No,No
59,65500,23,12,1361,Yes,No
21,124540,1,11,4105,No,Yes
71,36309,10,15,2501,Yes,No
46,75230,8,15,1139,No,No
35,131822,11,16,1722,No,No
43,118656,16,10,3725,Yes,No
61,143782,14,12,4582,Yes,Yes
51,50027,24,13,4974,Yes,No
27,146768,16,4,4404,Yes,No
79,92541,25,7,2053,No,No
53,132340,28,2,4248,No,No
31,134846,25,15,4914,No,No
48,79321,17,8,1174,No,Yes
65,20956,21,7,1271,Yes,Yes
32,120375,5,15,2910,No,Yes
25,94131,16,14,2323,Yes,No
31,67908,22,8,3040,No,No
40,98339,23,12,2560,Yes,No
77,145659,17,13,286,Yes,Yes
74,45963,7,11,1194,Yes,No
79,121757,8,17,3303,Yes,No
57,59443,5,17,3832,Yes,No
38,119259,4,4,816,No,No
33,59063,11,8,2731,Yes,Yes
62,134225,24,5,2715,No,No
35,136400,28,16,1809,No,No
64,100818,27,4,3541,Yes,Yes
70,24703,10,15,2865,No,No
41,85128,24,12,3563,No,Yes
43,92099,0,5,545,No,No
42,45849,10,16,3230,Yes,No
77,51860,18,14,3980,Yes,Yes
77,51585,8,10,2122,Yes,No
77,42015,26,7,387,Yes,No
62,97539,1,13,3999,No,Yes
58,63585,11,5,3158,No,No
46,46958,3,3,1867,No,Yes
32,46017,3,15,186,No,No
62,96707,17,4,2605,No,Yes
18,144677,14,15,4465,No,Yes
42,65350,18,14,965,Yes,Yes
24,32201,12,19,3588,No,Yes
26,49426,18,13,2150,No,No
41,37778,16,10,2957,No,Yes
18,65241,5,5,2964,Yes,No
61,62229,15,6,2032,No,Yes
25,106652,23,4,3920,No,Yes
41,148267,11,2,4578,Yes,No
28,138402,18,16,3617,No,No
68,68364,4,18,1048,Yes,No
34,118833,16,5,2197,Yes,No
25,146503,25,4,4744,No,Yes
52,149044,22,13,445,No,No
52,104878,25,19,3648,Yes,Yes
50,77056,28,2,4560,No,Yes
76,47490,0,13,988,No,No
22,147769,27,11,1686,Yes,No
59,39975,26,4,2774,Yes,No
56,46723,24,15,2560,No,Yes
75,43279,23,4,4686,Yes,No
58,98301,22,9,1699,No,No
45,132214,9,7,3740,No,No
24,31561,14,19,3485,No,Yes
26,127435,22,19,3251,No,Yes
25,86061,20,6,4229,Yes,No
29,108397,20,6,4416,No,No
51,69153,10,15,2341,Yes,No
50,53142,12,15,4533,No,No
65,46916,4,9,263,No,Yes
72,84324,0,4,3287,Yes,No
40,64965,23,18,3912,No,No
79,145932,11,18,108,Yes,Yes
41,24648,10,5,2980,Yes,Yes
54,55133,16,11,4988,No,No
52,70677,3,5,3021,No,No
61,116059,14,4,1577,No,No
57,114588,24,12,172,No,Yes
39,119950,29,2,3769,Yes,No
44,118317,8,13,1486,No,Yes
52,90135,20,10,1212,No,No
18,55046,19,9,3350,No,No
52,67064,18,10,3395,No,Yes
54,121459,18,7,2536,No,Yes
64,126625,11,4,611,Yes,No
31,89350,4,19,4031,No,No
20,65893,9,10,1787,Yes,Yes
18,121520,16,3,954,No,No
22,145818,4,19,3604,No,No
43,81272,21,2,4540,No,Yes
72,112152,15,10,1776,Yes,No
31,142907,6,2,2973,No,No
56,87649,27,2,3581,Yes,No
44,84674,8,17,3956,Yes,No
26,144132,2,16,984,No,Yes
32,139044,14,16,124,Yes,No
32,128542,15,14,344,No,No
43,33760,17,7,70,No,No
59,41927,13,11,3292,Yes,No
77,106475,2,1,1088,No,Yes
30,81367,11,11,4705,No,No
68,117955,8,4,1159,Yes,No
49,32588,27,7,3821,Yes,Yes
56,141750,6,15,421,Yes,No
66,121678,8,18,4963,Yes,No
69,124734,12,12,1224,Yes,No
78,138154,17,17,1214,Yes,Yes
49,72233,4,1,1142,No,Yes
21,64738,12,11,1333,Yes,No
47,53397,3,1,2061,Yes,No
54,102189,1,15,895,No,No
40,96367,15,10,2041,No,No
56,144873,8,7,570,Yes,Yes
62,91260,8,2,4516,Yes,No
32,140585,5,10,4246,No,No
60,96619,10,4,4806,Yes,No
46,131453,21,12,292,Yes,Yes
53,39816,23,19,2850,No,Yes
30,62240,21,11,4657,Yes,No
49,26276,0,8,2946,No,Yes
24,133939,3,18,2652,Yes,Yes
76,124199,12,11,2323,No,Yes
68,99530,22,11,1591,No,No
39,43499,12,13,2815,No,No
45,108576,12,3,2164,Yes,No
19,128856,1,12,4541,No,Yes
59,102495,8,3,4757,Yes,No
62,141717,23,10,3133,No,Yes
79,91635,7,17,1907,No,No
74,127803,6,2,819,No,No
70,105112,3,17,1472,Yes,No
23,55946,17,16,456,Yes,Yes
45,75204,2,2,3022,No,Yes
45,71886,27,6,1922,Yes,No
61,91652,5,10,2744,Yes,No
61,35563,11,10,2319,Yes,Yes
37,112324,11,8,4799,No,No
47,112464,20,1,1231,Yes,No
79,121872,27,13,1489,No,No
28,29847,7,9,3103,No,No
75,46155,21,10,3383,No,Yes
72,99671,21,15,2947,Yes,Yes
45,136891,0,5,2953,No,Yes
42,103310,3,16,278,Yes,No
56,87278,20,13,4009,Yes,Yes
79,38309,27,18,1943,No,No
50,20619,10,11,1363,No,Yes
18,103194,2,9,1120,No,No
74,70108,12,16,1024,Yes,No
44,54707,24,2,1788,Yes,Yes
79,40337,16,2,3335,No,Yes
74,145261,21,12,807,No,No
69,101537,21,8,3145,Yes,Yes
30,86504,9,9,370,Yes,Yes
58,67614,20,12,2371,No,Yes
20,111428,11,9,605,Yes,No
56,111155,14,10,4989,Yes,No
23,20281,20,2,1436,Yes,No
25,47420,9,16,4813,Yes,Yes
44,100896,13,7,3097,Yes,No
26,59030,12,2,2477,Yes,No
79,21058,4,1,2054,No,No
54,106213,5,19,1980,Yes,Yes
50,96260,23,4,4891,No,No
68,48404,1,2,4820,No,No
59,123482,21,14,2213,Yes,No
61,125284,16,2,3917,No,Yes
41,49856,3,15,2476,No,Yes
32,29200,13,12,3843,No,Yes
76,84178,9,5,2563,Yes,Yes
71,53997,2,7,3853,No,No
49,45611,24,10,2377,Yes,No
49,139273,2,14,667,No,No
41,61235,14,14,2215,No,Yes
58,137428,5,5,3358,No,Yes
69,55057,16,18,1042,No,Yes
66,21239,11,14,1427,Yes,Yes
79,123674,21,2,4431,No,No
66,134474,19,12,3224,No,Yes
75,85661,23,6,4832,Yes,Yes
69,146945,28,4,1355,Yes,No
29,65272,10,13,4883,Yes,No
79,109393,24,4,3128,No,No
56,81212,3,14,2736,Yes,No
19,144088,25,16,3033,Yes,Yes
20,35398,27,4,2573,Yes,No
66,140030,25,1,3632,Yes,No
54,76503,5,13,1535,Yes,No
66,26638,0,4,2150,Yes,No
73,26570,19,18,4631,No,Yes
34,88785,22,6,3765,Yes,No
76,29110,27,3,2051,No,Yes
66,125899,15,13,1437,Yes,No
19,99141,14,16,3233,Yes,No
19,32115,16,5,1080,Yes,No
45,59062,7,4,1815,No,No
71,42911,27,8,4813,Yes,No
40,124061,25,19,1270,Yes,Yes
54,52556,11,14,4980,Yes,No
49,98131,26,7,3856,Yes,No
50,148335,21,14,2464,No,Yes
18,21969,20,6,4395,No,No
36,63753,9,12,1668,No,No
79,102811,26,16,1313,No,No
19,24470,14,17,921,No,No
70,141863,29,13,884,Yes,No
61,30225,8,14,2872,Yes,Yes
43,127860,1,7,968,Yes,Yes
49,143008,4,14,1774,No,No
23,127510,5,15,2463,Yes,No
49,128295,6,12,1363,No,No
72,43196,20,17,4548,Yes,Yes
21,125823,24,9,2155,No,Yes
72,33669,0,15,2618,Yes,Yes
28,57380,22,12,1188,Yes,No
73,144398,25,2,259,Yes,No
76,130677,6,5,1114,Yes,No
34,135886,19,13,4961,No,Yes
55,146753,24,8,2270,Yes,Yes
41,68320,29,14,283,Yes,No
22,67414,11,15,842,Yes,Yes
69,123542,15,11,3160,No,No
51,35577,15,1,2216,Yes,No
23,145354,10,3,384,Yes,No
39,108009,20,17,1409,Yes,No
28,146365,3,19,1264,Yes,No
65,75409,12,14,4469,Yes,Yes
33,48625,6,8,333,No,No
50,101040,3,13,262,No,No
26,44089,14,3,1708,No,Yes
77,56487,18,5,4128,Yes,No
76,85838,8,9,4897,No,Yes
23,116999,10,6,1467,Yes,Yes
33,130448,7,2,2436,Yes,Yes
46,114795,0,13,1844,Yes,No
20,70138,22,5,154,Yes,No
37,62823,24,8,4915,No,No
77,57208,23,1,3943,No,Yes
76,74061,7,12,3895,No,No
53,50659,12,11,3740,Yes,No
36,149824,21,7,3342,No,No
43,121376,26,15,428,No,Yes
20,51890,3,11,3343,Yes,Yes
36,99134,7,16,3379,No,Yes
37,67055,2,3,4858,Yes,No
49,132269,28,14,3488,No,No
24,39508,8,3,274,No,No
69,62287,28,1,787,No,No
58,98916,1,15,285,Yes,No
50,46984,1,1,4328,No,No
57,130169,27,17,761,No,No
56,28125,12,2,1938,No,Yes
35,56059,14,6,4768,No,Yes
57,89569,27,8,1309,Yes,No
18,123409,22,16,798,Yes,No
28,37087,11,19,4036,No,Yes
45,126437,25,1,3601,No,No
74,135262,3,3,559,No,No
42,25704,25,3,1873,Yes,No
67,80576,7,5,4930,No,No
40,93384,8,12,2991,No,No
48,107128,22,12,4282,Yes,No
47,131279,4,13,2184,Yes,Yes
59,92460,23,9,1827,Yes,No
52,47208,19,7,1272,No,No
24,138516,17,4,3717,Yes,No
77,149612,10,19,1827,Yes,No
33,105150,14,19,1354,No,Yes
43,86024,27,6,4909,Yes,No
65,59882,21,13,751,No,Yes
74,45923,8,11,3039,No,No
69,146561,16,13,201,Yes,No
77,134044,26,13,1375,No,No
66,121477,25,15,1351,Yes,No
19,49165,11,13,3772,Yes,No
18,87203,6,11,1761,Yes,Yes
65,111749,9,19,856,No,No
79,24114,24,8,4380,Yes,Yes
29,84965,25,8,2772,No,No
22,56321,24,10,4706,No,Yes
54,93297,9,16,1375,No,No
49,116652,26,19,4183,Yes,No
76,119304,12,11,1209,No,No
72,133942,18,13,2919,No,No
26,45426,10,9,4566,Yes,No
58,37772,12,19,1292,Yes,No
52,123754,20,16,397,No,No
36,23712,7,7,1881,No,No
65,21367,7,19,1619,Yes,No
33,126493,3,12,3985,No,No
20,127317,14,15,1968,No,No
37,135142,27,14,3282,No,No
41,111736,10,11,3808,No,No
71,71924,10,10,2405,Yes,No
73,23726,0,11,1447,No,Yes
50,109152,16,6,2830,Yes,No
41,47723,14,2,1874,No,No
69,146969,19,11,2541,Yes,No
28,123110,5,19,4110,No,No
66,120494,23,6,454,Yes,Yes
25,29108,21,14,1771,No,Yes
53,97714,27,6,2875,Yes,No
55,55643,24,17,3895,No,No
57,51324,14,10,4260,No,No
37,123896,8,1,3242,Yes,No
79,103360,13,3,114,Yes,No
52,130896,17,8,1349,Yes,No
65,28927,25,8,4970,Yes,No
79,113680,16,15,1465,Yes,No
42,116546,17,7,3643,No,No
52,42443,4,11,1018,Yes,Yes
42,99973,19,7,418,Yes,No
46,83449,19,4,282,No,No
35,129834,8,12,2292,Yes,No
63,125314,10,6,3133,Yes,No
35,96743,23,14,970,Yes,No
19,141805,21,12,738,No,Yes
71,80233,0,11,4322,Yes,No
52,45537,17,19,1519,No,Yes
33,121293,5,5,4775,No,No
78,97576,26,14,4309,Yes,No
58,127522,1,16,3672,No,No
53,42612,14,13,2150,Yes,Yes
50,113977,28,4,2315,Yes,Yes
21,26471,25,11,3839,Yes,Yes
50,55631,20,17,873,Yes,Yes
31,148449,13,7,3481,Yes,No
38,128997,4,14,4201,No,No
65,112059,5,11,4263,No,No
37,51348,5,9,847,No,Yes
73,84732,29,13,829,No,No
25,21177,21,18,2900,Yes,No
24,24760,29,11,2942,Yes,Yes
20,52779,17,15,1943,No,No
34,41636,13,19,3356,Yes,Yes
50,101889,9,1,2952,No,Yes
65,73551,13,4,4853,No,No
29,31556,12,14,3768,No,No
76,47598,29,14,71,No,No
68,31563,2,3,1550,Yes,No
39,66819,29,17,892,Yes,No
72,129326,5,3,1810,No,No
39,93770,28,16,3691,No,No
63,111055,7,14,241,No,No
47,46966,11,13,445,No,Yes
55,140133,12,15,4712,No,Yes
55,101709,10,14,4376,Yes,No
62,79889,11,19,923,No,No
68,46987,0,6,2671,No,Yes
71,98714,16,10,4385,Yes,No
25,124874,15,15,139,Yes,Yes
44,78348,10,6,2329,Yes,No
44,44596,12,10,506,Yes,Yes
51,53174,17,7,2330,Yes,No
38,84106,10,17,4499,Yes,No
47,127510,27,18,1054,Yes,Yes
50,89967,11,17,4584,Yes,No
45,79182,5,9,394,Yes,No
64,113300,8,10,2761,No,Yes
50,107163,15,10,4802,Yes,Yes
22,59310,3,7,2512,No,No
77,76088,2,16,1166,No,No
78,148803,27,18,675,No,No
65,28906,15,6,4429,No,Yes
36,56914,23,1,2029,No,No
21,130350,26,1,4044,No,Yes
52,65379,25,12,1728,No,No
66,98612,29,2,272,No,No
34,134828,24,4,793,Yes,No
61,147445,11,17,512,No,No
45,57650,10,4,1618,No,No
47,66881,4,11,3397,No,No
46,66413,24,4,1786,No,No
63,26012,17,1,4089,Yes,No
70,70115,18,7,4001,No,No
23,27151,22,18,714,Yes,No
52,77716,22,9,1406,Yes,No
77,113747,5,3,1064,No,No
58,112653,21,8,2182,No,No
54,56378,17,19,2718,Yes,No
41,62652,25,4,1104,No,No
46,92430,5,18,1814,No,No
66,33467,3,11,4508,Yes,No
63,51010,11,14,2919,Yes,No
70,148647,18,18,1462,No,No
48,141999,28,16,717,No,No
52,134793,26,3,3420,No,No
77,74691,28,15,1444,Yes,No
50,84157,1,4,148,No,No
69,128177,16,5,4120,Yes,No
78,32289,10,17,471,Yes,Yes
38,64976,10,7,3700,No,Yes
49,63596,20,16,4207,Yes,Yes
40,43171,15,14,1182,No,No
50,120441,1,16,1752,No,No
20,146296,1,7,3670,Yes,Yes
35,106365,22,9,3240,No,No
42,138218,7,4,647,Yes,No
59,119590,12,11,441,Yes,No
48,134014,9,2,1125,No,No
71,64139,7,12,2700,No,No
75,68713,29,12,2434,No,Yes
20,49734,3,4,859,No,No
57,92588,14,18,3359,Yes,Yes
63,83646,29,7,3788,Yes,No
41,23654,0,1,1209,Yes,No
67,109022,10,13,1581,No,Yes
49,38743,6,6,2732,Yes,Yes
64,68368,16,6,303,Yes,No
39,110025,26,12,3598,No,No
40,94172,19,8,3235,No,No
19,26441,23,19,1281,No,Yes
44,139735,17,5,2473,Yes,Yes
59,44611,21,18,3625,No,No
19,139891,28,5,4311,Yes,Yes
43,127971,21,10,1623,Yes,No
34,32149,11,1,2958,Yes,Yes
57,120102,8,10,4762,Yes,No
50,79189,4,5,1675,Yes,Yes
26,127904,9,12,4048,No,Yes
60,41675,3,7,3933,Yes,No
71,91031,4,9,3565,No,No
65,62668,27,12,3453,Yes,Yes
56,33673,27,1,4648,Yes,Yes
46,149582,9,11,4730,No,Yes
59,96666,10,15,2008,Yes,No
72,108204,20,2,4059,Yes,No
43,100758,23,7,2785,No,Yes
52,85429,9,12,4541,No,No
67,43669,27,18,3224,Yes,No
42,54068,7,3,451,Yes,No
41,108789,1,7,1024,Yes,No
30,29435,22,11,273,No,No
77,114088,7,18,4663,Yes,Yes
75,72249,15,12,285,No,Yes
24,57384,26,6,3548,No,No
74,148782,21,5,4261,Yes,No
53,101929,4,1,3284,No,No
62,147959,26,12,275,Yes,No
37,96153,24,11,2327,Yes,No
18,124056,28,4,4327,No,No
25,95388,2,18,1391,No,Yes
63,51401,11,4,4086,No,No
33,145511,12,17,259,No,Yes
31,91831,12,2,3777,No,Yes
29,139503,9,2,3978,No,No
68,135760,3,12,2853,Yes,Yes
40,121529,8,6,1159,Yes,Yes
32,147834,21,10,2076,Yes,Yes
45,54084,23,16,443,No,No
51,140387,22,14,893,No,No
19,130641,26,7,1574,No,Yes
49,125111,1,19,653,Yes,No
40,75826,18,17,631,Yes,Yes
39,56451,0,9,1989,No,No
68,27227,24,13,182,No,No
42,51910,28,5,2888,No,No
75,56041,6,5,3435,No,No
79,108920,16,10,3820,Yes,No
78,85681,2,10,2318,Yes,No
39,123314,19,7,1025,Yes,No
75,101571,19,15,1863,No,No
75,85481,20,7,3313,Yes,No
39,88576,29,15,1593,No,No
66,127958,2,3,2885,No,Yes
69,149265,2,19,2788,No,Yes
59,147556,16,10,1407,Yes,No
23,84174,6,15,4184,Yes,No
32,46160,26,3,1366,No,No
71,135170,25,6,211,Yes,Yes
60,137867,13,12,1959,No,Yes
77,37633,16,15,1177,No,No
54,114880,17,6,3920,No,No
50,37014,12,13,1708,Yes,Yes
25,100532,19,19,3175,Yes,No
70,69104,28,3,2013,No,No
77,61621,19,8,2339,Yes,No
61,97231,20,8,1016,Yes,No
61,88388,26,15,939,Yes,No
22,36014,17,4,3111,Yes,No
56,112578,3,19,3679,No,No
21,53755,0,3,3239,Yes,Yes
23,60390,17,13,2798,No,No
62,43711,0,8,1716,No,Yes
49,111658,25,16,3116,Yes,Yes
69,77993,25,13,1491,No,No
47,94696,12,3,1117,No,No
64,47213,19,16,4273,Yes,No
52,135788,19,9,2973,No,No
72,124956,22,14,4303,No,No
57,77784,9,13,3906,Yes,No
69,27421,26,7,876,Yes,No
33,106936,10,15,4657,Yes,No
30,119073,8,7,4035,Yes,Yes
67,37727,8,6,2142,Yes,No
77,132418,4,2,3229,No,No
59,24358,25,9,4588,No,No
47,85108,0,17,3951,Yes,No
36,146609,16,5,2412,Yes,No
34,114018,21,12,2274,No,No
73,144457,1,1,1776,Yes,No
36,52117,23,10,2056,Yes,No
45,108700,12,11,316,No,Yes
75,51910,8,16,887,No,Yes
72,146888,28,14,4634,No,No
43,118032,3,8,4847,Yes,Yes
54,75754,4,17,736,No,No
43,82438,10,18,3411,Yes,No
70,129847,23,12,406,No,Yes
79,49371,18,17,3865,Yes,Yes
40,71501,20,14,921,Yes,No
26,80946,2,16,2023,Yes,No
29,58467,11,14,4697,No,No
70,37625,25,9,1860,No,No
18,53893,18,4,4468,No,No
75,96329,18,11,2691,Yes,No
75,51007,12,6,2278,No,No
18,111302,27,15,3441,No,No
64,59532,6,5,4228,Yes,Yes
51,74253,14,11,2400,Yes,No
49,32323,22,18,4407,No,No
79,131335,6,13,4929,No,Yes
71,132356,25,11,2789,No,Yes
65,130944,7,14,2780,Yes,No
42,93379,4,18,1368,No,Yes
57,34210,20,19,1585,Yes,Yes
62,36456,13,15,4834,Yes,No
70,51367,3,9,2493,No,No
18,74624,22,8,1822,No,No
33,30106,9,1,3259,Yes,No
78,123493,19,4,4984,Yes,No
56,88008,14,14,927,No,No
22,145926,17,2,2920,No,Yes
39,135395,19,16,3250,No,No
46,136492,12,3,4194,Yes,No
72,92240,28,8,3797,Yes,No
20,84315,7,6,2886,No,No
29,89249,8,16,342,Yes,No
43,90587,15,16,1701,Yes,No
33,30756,18,7,4681,No,No
68,88011,15,13,4456,Yes,No
54,56378,6,13,586,No,No
39,24255,13,5,2736,No,No
74,34484,27,18,283,Yes,No
46,145703,13,15,2702,Yes,No
31,76549,24,18,2424,No,Yes
45,54503,26,2,2322,Yes,Yes
22,144465,3,10,1016,No,No
64,93794,25,13,939,Yes,No
66,145941,14,18,3913,Yes,Yes
47,126283,2,15,3450,Yes,Yes
63,120732,4,12,84,No,No
79,65113,0,15,4592,Yes,No
69,125730,2,13,3573,No,No
22,94069,14,18,1813,No,No
29,118117,23,15,3341,No,No
33,25249,26,11,2538,Yes,Yes
43,145654,7,19,2750,No,No
43,139979,28,3,1608,No,No
65,39201,3,7,4740,Yes,Yes
38,145541,1,14,2326,No,No
56,78576,28,14,4056,No,No
53,138562,23,13,4489,Yes,No
50,145281,23,12,1153,No,No
79,29686,9,9,1469,Yes,No
47,132413,3,1,1528,No,No
54,73363,2,19,3964,No,No
40,117543,1,11,3792,Yes,No
75,20661,24,19,3006,No,No
27,64843,16,18,1432,No,No
71,115673,22,12,2624,No,No
22,80963,20,1,3434,Yes,No
53,133092,23,19,1619,Yes,Yes
51,62828,19,17,1944,Yes,No
69,68604,22,5,2293,Yes,No
48,30526,12,3,1916,Yes,Yes
27,88910,4,2,78,No,Yes
75,45592,29,3,755,Yes,No
36,48982,20,8,1070,Yes,Yes
75,20207,29,16,2113,Yes,Yes
49,120969,8,6,1496,No,No
18,137181,24,13,3714,No,Yes
73,108733,28,16,3037,Yes,No
22,118936,24,16,3652,No,No
62,144982,27,3,3735,No,No
21,145839,21,13,3418,No,No
33,88619,5,14,3631,No,No
41,49328,4,8,2812,Yes,No
33,66479,24,12,4087,Yes,No
72,128427,9,8,622,No,No
19,40103,7,9,4138,No,No
66,59891,6,1,664,No,No
45,30754,6,6,4100,No,No
49,119983,5,19,375,Yes,No
44,101437,20,11,3790,No,No
37,118540,28,11,408,Yes,No
41,92982,19,13,3827,No,No
29,122747,2,11,2421,Yes,No
67,75922,18,18,1771,No,Yes
52,68231,21,15,1399,Yes,No
77,49301,14,1,3746,Yes,No
50,111652,3,7,3946,Yes,No
50,140787,27,13,4310,No,Yes
78,146823,11,12,1646,Yes,No
68,82711,5,18,1677,No,No
60,61323,18,19,2552,Yes,No
54,38752,3,15,3858,Yes,No
29,117912,14,8,242,No,No
20,102205,8,19,2724,Yes,No
18,118452,4,10,3895,No,No
50,33395,12,7,2627,No,No
57,105957,22,18,141,No,No
27,141237,25,16,4284,No,No
60,76273,17,6,530,Yes,No
61,147431,29,9,2966,Yes,Yes
46,111878,29,13,4485,No,No
30,24895,4,8,1125,Yes,No
29,139968,24,16,2563,Yes,No
48,135700,15,13,848,No,No
63,96559,26,13,4620,Yes,No
19,30699,18,17,3999,No,Yes
78,85061,13,5,654,Yes,No
68,29715,24,17,3029,Yes,No
67,39169,29,9,4966,No,No
52,145436,15,2,647,Yes,Yes
40,138413,26,18,1582,Yes,No
34,36163,14,9,563,No,No
43,139264,21,6,1927,Yes,No
25,25782,3,11,4022,No,No
46,108177,6,6,3893,Yes,No
43,149772,15,6,1749,No,Yes
27,144481,23,13,1079,No,No
43,104328,21,11,4645,No,No
79,135028,20,14,766,No,Yes
51,55585,21,2,4136,No,No
68,50682,20,8,715,Yes,No
58,67864,7,3,2258,Yes,Yes
24,149992,16,3,1129,No,No
21,104416,15,1,277,Yes,No
75,75114,26,19,198,No,No
70,147810,22,18,1119,Yes,No
67,58067,9,17,4777,Yes,No
62,62685,9,13,1413,No,No
28,142262,26,3,4558,No,Yes
46,38073,1,1,1805,Yes,No
73,56035,29,4,569,Yes,No
53,84977,8,13,3594,No,No
42,122710,16,17,2372,Yes,No
38,110373,10,11,1152,Yes,Yes
78,103362,9,2,647,No,No
74,110517,21,16,3323,Yes,No
53,85450,24,2,4099,No,No
27,30382,16,19,2655,No,No
54,24437,3,19,2238,No,No
26,90971,15,16,4875,Yes,No
41,84612,19,19,638,Yes,No
52,110355,14,9,4522,No,No
66,81929,24,1,1457,No,No
52,122411,26,10,4896,Yes,Yes
65,117518,20,19,4772,Yes,Yes
53,118864,4,1,3440,Yes,No
35,32329,5,2,3490,No,Yes
66,145605,16,16,1679,No,No
56,45169,0,12,1044,Yes,Yes
49,107468,24,8,4848,Yes,Yes
41,54594,18,18,2109,Yes,No
40,96957,3,2,4622,No,No
79,80631,16,13,3036,No,No
49,65033,8,6,450,Yes,No
54,83133,23,6,2905,Yes,No
29,93165,1,9,2274,No,Yes
66,93861,7,16,3462,No,No
72,72290,14,11,106,Yes,No
30,114031,6,7,1925,Yes,No
40,51750,26,10,4593,Yes,No
42,115155,5,10,4348,No,No
52,60461,0,18,3818,Yes,Yes
58,93800,14,9,4883,No,Yes
47,98222,22,15,4347,No,No
34,132020,25,4,1403,Yes,No
66,44226,6,8,2460,Yes,Yes
79,26721,28,9,4361,No,No
37,76154,29,13,2652,Yes,Yes
65,40609,24,9,2984,No,No
42,72130,16,4,72,Yes,No
39,92909,1,17,2252,Yes,No
30,124211,26,16,1259,Yes,No
76,75249,8,15,2346,Yes,No
36,68895,28,3,798,No,No
66,114473,8,5,854,No,Yes
53,25656,12,5,183,No,No
29,144865,5,15,4466,Yes,Yes
78,94520,5,18,2487,No,No
58,83740,19,15,483,No,No
36,84309,19,2,3721,No,No
29,49984,20,13,3786,Yes,No
26,138947,2,4,4089,No,Yes
24,93822,16,10,2148,Yes,No
45,25901,16,13,2967,Yes,No
31,51552,11,10,302,No,No
48,111245,15,9,4884,Yes,Yes
69,51055,14,8,1179,No,No
36,57685,12,3,3314,No,No
75,93965,22,16,351,No,No
64,34716,0,14,2027,No,No
33,134099,16,9,2813,No,No
70,31138,2,11,4055,Yes,Yes
22,55298,25,3,3291,No,Yes
52,71112,14,5,3107,Yes,No
29,43429,3,10,600,No,Yes
42,70200,3,13,1637,No,No
69,91308,17,4,1872,No,No
76,68244,16,13,3267,Yes,No
38,137217,18,12,3546,Yes,Yes
53,134055,10,5,4459,Yes,No
70,121268,19,10,4329,Yes,Yes
40,125441,2,9,762,No,No
33,37347,7,7,2225,No,No
74,36920,13,2,4122,Yes,No
56,51822,25,7,3899,Yes,No
62,66659,0,8,2483,Yes,Yes
70,60108,13,7,3351,No,No
59,148955,1,14,320,Yes,Yes
75,109099,28,19,1844,Yes,Yes
56,27967,22,5,4956,No,No
31,130719,3,18,2512,Yes,No
48,31871,23,12,4343,No,No
75,114299,26,17,3444,No,No
22,97452,28,13,1129,No,No
52,94270,18,2,2928,No,No
40,53613,5,13,4773,No,No
46,48179,24,7,653,Yes,Yes
60,140465,0,10,1635,Yes,No
28,72188,16,6,3107,No,Yes
35,75099,7,3,4035,No,No
64,55262,18,3,4739,Yes,No
29,98213,20,18,1445,Yes,No
26,137407,0,11,3738,No,No
27,38268,4,5,649,Yes,Yes
75,97866,26,19,563,Yes,No
61,106269,15,19,1116,No,No
34,80545,5,15,2936,Yes,No
78,123483,7,16,2703,Yes,No
55,112822,12,9,4955,Yes,No
24,92146,15,4,1138,Yes,No
63,91966,29,15,4435,No,No
30,59922,2,12,4914,Yes,Yes
57,99364,18,3,2564,No,Yes
59,62913,11,14,4019,Yes,No
26,117033,15,17,3334,No,Yes
67,124792,26,19,4616,No,No
44,139425,10,6,2246,Yes,No
75,75677,9,4,4233,No,No
19,122154,24,7,839,No,No
22,69841,19,19,3525,No,Yes
46,66332,3,17,3203,No,No
54,112062,11,16,1714,No,No
55,139863,22,15,1359,Yes,No
36,115694,1,8,914,No,Yes
25,45032,23,19,3913,No,No
65,57846,21,8,3413,Yes,Yes
62,79474,18,18,3574,Yes,No
18,64936,24,16,3836,No,Yes
39,49794,4,19,73,Yes,No
69,81588,7,10,3053,Yes,No
34,90984,6,17,360,Yes,Yes
24,70331,13,13,1281,Yes,Yes
42,114397,23,13,3838,Yes,No
62,48141,22,7,2761,Yes,Yes
21,29074,2,10,4851,No,No
53,26406,17,2,471,No,No
23,117359,15,4,1823,Yes,No
77,143279,22,6,3618,Yes,No
48,43291,18,18,996,No,Yes
36,61568,18,6,1236,Yes,No
78,117539,17,17,1884,No,Yes
61,66851,19,14,1614,Yes,No
71,119942,15,11,4994,No,No
56,74823,7,19,1997,No,No
44,43312,27,2,1358,Yes,Yes
27,63108,0,3,3036,Yes,No
43,86918,16,11,436,Yes,No
36,54171,11,6,1211,Yes,No
56,61779,29,14,3308,No,No
79,88828,20,19,4861,Yes,No
20,127315,10,16,3983,No,Yes
62,118723,4,7,2897,Yes,No
30,32411,26,8,4571,No,No
67,122821,11,19,1489,Yes,No
45,137990,16,16,3492,Yes,No
79,77009,5,7,4530,No,Yes
75,35422,0,9,105,Yes,No
37,62468,4,13,3374,Yes,No
45,52371,24,1,155,Yes,Yes
25,77022,27,8,3251,Yes,No
78,91229,13,4,719,Yes,No
58,119071,4,3,4521,No,No
56,71196,21,3,792,Yes,No
18,100354,23,13,1016,No,No
20,116774,26,8,357,Yes,Yes
30,116410,0,7,2188,Yes,No
45,46715,29,1,3514,No,No
79,47605,17,16,4947,No,No
74,119853,15,6,159,No,No
77,51174,8,7,3682,No,No
66,29956,18,12,4485,No,Yes
42,124444,21,9,1965,Yes,Yes
73,96373,4,11,4313,No,No
50,89252,26,10,606,No,No
55,81949,1,1,154,Yes,No
70,82646,29,18,2097,Yes,No
23,90017,14,4,195,No,No
75,83037,6,5,2813,No,No
61,109818,3,9,923,No,No
62,26548,0,17,348,Yes,No
49,136981,12,3,3288,No,No
62,123141,19,16,695,Yes,No
78,93294,21,5,4783,Yes,Yes
64,129204,6,16,3128,Yes,No
38,43177,14,3,2561,Yes,No
33,44022,22,15,833,No,Yes
71,126297,13,3,420,Yes,Yes
38,140695,22,14,536,Yes,Yes
28,25542,18,16,2087,No,No
77,111012,21,17,3246,Yes,Yes
54,116320,28,18,1410,No,Yes
53,80428,23,18,4337,Yes,No
52,42740,19,14,4875,No,No
36,79353,28,18,2311,Yes,Yes
37,110353,23,15,2671,Yes,No
74,133132,17,15,1006,No,No
35,76532,9,6,430,Yes,No
64,36052,8,15,3699,Yes,No
58,120689,24,18,4943,No,Yes
66,67076,7,4,288,Yes,No
31,73420,25,8,1155,Yes,No
32,20671,29,15,1436,No,Yes
48,20163,28,3,2602,No,No
18,61424,9,15,2299,No,No
70,129538,16,13,1577,No,No
71,73744,1,9,1717,No,No
71,90331,5,2,4182,Yes,No
20,30634,25,8,2741,No,No
33,24798,4,17,3722,Yes,No
40,42420,27,13,2046,No,No
74,137043,29,1,1475,Yes,No
28,140575,8,2,2862,Yes,No
29,147158,4,15,3297,No,No
27,49300,17,12,2642,Yes,No
49,109881,25,14,1540,Yes,No
33,30749,19,2,1274,No,No
25,124131,8,18,2637,No,No
55,45121,16,7,3114,No,Yes
29,148563,26,6,882,No,No
41,57487,16,14,4742,Yes,Yes
45,113947,11,8,2490,Yes,Yes
70,53361,6,2,4845,Yes,Yes
25,41223,26,17,1696,Yes,No
75,92930,2,5,490,Yes,No
45,34056,9,14,1579,Yes,No
53,48380,1,3,3015,No,No
43,46035,24,5,2417,Yes,No
25,50620,2,16,3336,Yes,No
75,39877,15,18,4713,Yes,No
77,145481,1,17,4381,No,No
67,75316,27,11,1354,No,No
45,84041,23,17,3084,No,No
45,128940,9,16,3738,No,No
54,137360,5,2,4023,Yes,No
58,73352,21,4,1235,Yes,No
53,50911,25,7,3312,Yes,Yes
44,52784,10,2,2157,No,No
71,23191,22,6,1890,Yes,No
34,53160,6,17,4370,Yes,Yes
26,110536,26,7,2797,Yes,No
50,124576,28,5,4727,No,Yes
70,84641,14,5,4314,No,No
37,69723,5,16,3183,No,No
30,23631,19,19,3470,Yes,No
45,26172,26,9,1515,Yes,No
65,62080,8,5,4159,Yes,Yes
46,109097,21,8,2261,Yes,No
30,110353,19,9,2854,No,Yes
63,40281,11,5,1593,Yes,No
52,48671,18,10,1739,No,No
78,142811,19,2,1621,Yes,No
23,71431,2,9,4591,No,No
35,110900,14,11,3329,Yes,No
68,142139,1,4,3591,Yes,No
22,127210,29,2,4861,No,No
64,147734,20,6,3073,No,Yes
42,112961,1,14,868,Yes,No
19,135463,21,1,4571,Yes,Yes
27,48602,2,18,1174,Yes,Yes
73,108789,5,7,4995,No,Yes
47,71399,14,1,1179,Yes,No
67,43472,26,1,1752,No,No
76,69230,9,1,2051,Yes,No
62,93616,8,4,3928,Yes,No
22,27099,0,4,4422,Yes,Yes
72,138614,15,18,1856,Yes,No
73,45431,5,11,2997,No,No
50,76492,8,1,3259,No,Yes
71,116722,26,10,2202,Yes,No
18,67684,3,9,4691,Yes,No
35,50111,26,4,4255,Yes,No
49,125387,27,6,594,No,No
64,83936,1,16,2451,Yes,No
66,42614,28,2,4888,No,No
28,112260,3,18,2414,No,Yes
38,61991,0,10,1339,No,No
43,90476,18,17,3815,No,Yes
42,137959,25,13,1925,Yes,No
39,80920,24,18,4478,Yes,No
76,114294,9,13,4737,No,No
44,83530,20,17,832,Yes,No
66,56224,14,5,589,Yes,No
30,27788,26,11,2832,Yes,No
50,48082,21,7,2718,No,No
51,143287,18,10,4764,Yes,No
58,109570,15,17,3987,Yes,No
52,121015,20,15,3006,Yes,Yes
18,96816,26,18,3772,Yes,No
38,103588,23,19,3917,Yes,No
65,36531,21,2,1883,Yes,Yes
72,108340,3,4,2196,Yes,No
23,114439,1,3,2220,Yes,No
45,64857,29,7,3441,Yes,No
34,30142,24,18,1666,Yes,No
22,135053,12,10,4667,No,No
48,68355,27,7,966,Yes,No
22,29866,0,8,4862,No,No
55,90067,16,6,2806,Yes,Yes
20,130990,12,1,1986,No,Yes
70,123634,3,4,4092,No,No
40,123814,6,14,3141,Yes,No
54,145426,16,17,4705,No,Yes
70,84027,8,18,1018,No,No
54,77906,3,11,3414,No,Yes
27,48138,18,14,3253,Yes,No
27,112601,0,9,939,No,Yes
36,49956,9,15,842,No,Yes
34,127268,3,12,3508,Yes,Yes
38,124797,8,10,1031,No,No
31,144917,12,19,3581,No,No
26,146303,13,19,3579,No,Yes
63,96295,9,6,851,Yes,No
18,25439,5,6,92,No,Yes
68,67241,15,8,3399,Yes,No
62,62533,5,1,1827,No,No
30,48270,16,17,3251,No,No
21,98815,9,17,399,No,No
79,59279,17,15,1617,No,Yes
18,129787,26,7,1179,Yes,No
66,43888,21,19,3009,No,No
57,37630,17,3,3837,Yes,No
49,81063,2,11,1830,No,Yes
51,138527,19,19,633,Yes,No
45,143239,26,9,4577,No,No
48,147896,20,10,3427,No,No
25,55144,24,2,3451,Yes,Yes
56,72161,27,1,3235,Yes,No
43,116718,14,16,2244,Yes,No
75,145873,14,18,1212,Yes,No
51,111074,3,17,348,No,Yes
71,97360,28,6,3397,Yes,No
71,70979,26,14,1989,Yes,No
20,117661,8,15,838,Yes,No
76,26979,26,14,4995,No,Yes
67,46189,25,3,2939,No,Yes
29,62600,18,19,1427,No,No
18,79560,23,12,1999,No,No
71,98040,27,2,3322,Yes,No
61,143257,16,3,927,No,Yes
22,81558,10,18,3792,Yes,No
47,106205,24,1,1627,No,No
47,26910,8,6,3189,Yes,No
76,77713,9,5,2542,Yes,No
74,66857,17,1,2805,Yes,No
34,54964,19,19,1953,Yes,No
65,105667,12,1,1432,Yes,No
64,45227,7,16,4290,No,Yes
40,25978,6,12,2372,Yes,Yes
32,107527,16,8,2606,Yes,No
54,37153,20,16,1911,Yes,No
38,79765,22,1,1916,Yes,Yes
31,119084,14,4,4097,No,Yes
19,128212,19,10,3225,No,No
28,59071,14,11,1148,Yes,No
68,132990,0,17,1784,Yes,No
56,89519,24,7,4713,Yes,No
55,29503,13,12,3466,Yes,No
77,80703,4,7,4676,No,No
51,84379,10,12,730,No,Yes
55,115457,15,15,2120,Yes,No
67,77866,1,2,4874,Yes,No
51,36905,7,14,1779,Yes,Yes
35,65838,10,13,2241,Yes,No
47,145200,28,4,717,Yes,No
32,78279,17,14,1662,No,No
44,109489,2,14,730,No,No
68,46806,29,16,1022,Yes,No
51,65000,25,7,2896,No,No
69,42168,0,19,2182,No,No
74,90119,10,2,2513,No,Yes
55,58714,15,10,2579,Yes,No
50,74093,17,18,2553,No,No
41,75419,29,17,4972,No,Yes
32,69145,15,5,4442,Yes,Yes
77,125432,22,12,3233,No,No
47,97425,9,6,4083,Yes,No
72,112949,17,9,3217,No,Yes
59,97811,5,1,3047,Yes,Yes
68,22461,18,15,3277,Yes,No
34,34291,3,6,2202,No,Yes
22,66804,26,19,1778,No,No
46,96971,12,18,2074,Yes,No
21,113471,23,6,379,Yes,No
27,84946,13,13,2536,No,No
73,118989,2,1,1205,No,Yes
34,104080,9,13,1940,No,No
27,141719,5,7,4527,No,Yes
34,81332,0,15,2235,Yes,No
77,97794,22,12,4988,Yes,No
37,50841,23,1,2367,Yes,Yes
41,144447,26,15,3671,No,No
22,140029,13,4,4541,No,No
51,68758,7,13,2561,Yes,No
23,134726,18,5,499,Yes,No
70,96272,13,2,1404,Yes,No
19,57643,9,1,1343,Yes,No
30,70408,16,16,2515,Yes,No
79,63950,8,6,3152,Yes,No
60,76849,28,16,1899,No,No
60,120500,5,14,3225,Yes,Yes
65,48044,10,3,4331,Yes,No
28,125469,24,15,3249,Yes,No
68,145588,6,3,1283,Yes,No
64,35997,16,2,1487,Yes,No
74,99751,27,1,3402,Yes,No
40,118605,27,9,4080,Yes,No
72,43911,0,9,302,No,No
33,75533,21,7,68,Yes,Yes
48,102566,4,3,2809,No,Yes
28,114870,8,18,272,No,No
71,34571,17,11,52,No,No
33,128255,23,7,1309,Yes,No
25,149226,26,9,4999,Yes,Yes
21,114463,20,1,4373,Yes,Yes
57,77941,1,14,4644,Yes,Yes
21,78005,28,6,2618,Yes,No
73,106250,25,7,1935,Yes,No
42,78712,10,10,1349,Yes,Yes
20,63541,26,7,2388,Yes,No
49,43387,27,2,1126,Yes,No
20,113980,5,4,3808,Yes,Yes
44,68908,25,17,3231,No,No
46,105457,7,1,4860,Yes,No
49,33057,3,10,997,Yes,Yes
67,84028,17,19,3788,Yes,Yes
78,130804,27,15,2781,No,No
75,139246,10,10,4057,Yes,No
68,75731,4,19,919,Yes,No
36,44858,14,12,143,No,No
38,68689,27,16,3037,Yes,Yes
22,64638,17,9,4705,No,No
35,111598,1,15,1825,No,No
45,122386,21,17,2310,No,No
59,66486,10,14,485,No,No
78,40567,25,18,4997,Yes,No
39,49739,24,2,4350,No,No
38,77804,12,4,3194,No,No
23,128821,3,18,3637,Yes,No
18,23754,21,7,126,Yes,Yes
22,47044,6,13,865,Yes,No
58,87260,28,15,817,No,No
29,86912,10,1,3735,Yes,No
43,145623,21,11,155,No,No
63,28706,23,10,3966,No,Yes
51,28894,3,5,2923,Yes,Yes
66,38037,27,16,3396,Yes,Yes
31,103986,14,11,3198,Yes,No
43,101942,0,6,3198,Yes,No
62,71612,22,9,1515,Yes,Yes
44,49725,2,13,2637,Yes,Yes
26,25926,13,8,294,No,No
43,124555,5,14,2675,No,Yes
74,29496,17,1,3899,Yes,No
64,76447,24,17,1455,No,No
74,121604,0,5,1031,No,Yes
39,49806,5,2,3858,No,Yes
64,108199,5,9,191,No,Yes
73,61321,20,4,942,No,No
47,142041,15,17,2449,No,Yes
60,122031,28,17,4690,Yes,No
65,85095,4,18,3010,Yes,No
78,42656,16,16,2249,Yes,Yes
34,75147,9,8,1519,No,Yes
43,111396,27,11,2750,Yes,No
53,69666,20,18,3055,Yes,No
18,102368,17,10,4908,Yes,No
25,58787,6,13,3424,No,Yes
66,133767,2,17,4769,Yes,Yes
52,82946,12,18,705,No,Yes
78,41727,14,10,2818,Yes,No
69,128351,19,16,92,Yes,No
32,115081,18,5,2361,Yes,No
64,142721,2,13,1710,No,No
73,130058,3,18,4741,No,Yes
39,88056,4,17,2274,No,No
31,23081,0,9,2160,No,No
43,54196,3,14,1007,No,No
45,56735,11,17,610,Yes,No
40,124749,27,4,1380,Yes,No
31,100102,26,18,1362,No,No
41,99578,23,15,1871,No,No
19,45498,9,11,3052,Yes,Yes
62,96865,22,12,3453,No,No
43,51656,24,9,4995,Yes,Yes
31,87695,20,13,2701,No,No
76,57900,28,15,1864,Yes,Yes
73,148392,25,15,1791,No,No
68,137235,19,5,4751,No,No
24,104899,23,19,3858,Yes,No
20,67701,24,14,2927,Yes,Yes
64,128777,12,17,3320,No,Yes
40,39033,22,18,4133,No,No
63,143193,13,3,795,Yes,No
60,30805,22,2,607,No,No
64,55851,4,1,3351,Yes,No
77,46832,3,10,991,Yes,No
62,83437,13,19,4073,No,No
35,135725,9,17,2346,Yes,No
75,33944,16,12,989,Yes,No
55,39873,9,1,1660,No,No
52,60372,25,12,1775,Yes,Yes
68,109464,6,17,1034,Yes,Yes
32,35379,15,3,1637,Yes,No
42,137322,0,11,4071,Yes,Yes
72,56751,16,17,1386,No,No
54,120082,20,3,3187,Yes,No
45,109822,28,8,711,No,No
27,25110,8,4,82,Yes,No
56,74341,5,7,3464,No,Yes
74,32087,18,14,1206,Yes,Yes
34,43762,12,14,3176,No,No
56,135812,2,4,110,Yes,Yes
39,102617,6,16,3978,Yes,No
43,120483,21,1,1593,Yes,No
79,29596,8,17,321,Yes,No
61,123555,21,10,4126,No,No
42,127539,4,16,3438,No,No
34,38313,9,16,2802,Yes,No
30,133175,22,8,2759,No,Yes
37,86549,16,7,1204,Yes,No
42,134914,11,6,4455,Yes,No
21,43705,22,16,3903,No,No
27,87364,15,16,1795,No,Yes
20,93445,2,7,3482,No,Yes
58,123892,29,9,387,Yes,No
62,98645,24,14,59,Yes,No
35,22023,21,11,4194,No,No
64,139654,8,14,780,Yes,No
53,79796,28,7,4940,No,No
64,100073,14,1,1698,No,Yes
39,112197,4,13,4278,No,No
51,84429,22,3,3704,No,No
64,124195,12,4,2180,No,No
25,81627,13,11,4521,No,No
57,53848,19,2,2446,Yes,No
66,57804,14,14,4416,Yes,No
61,35379,15,12,1556,No,Yes
36,79664,22,17,2208,No,No
59,47766,12,12,2966,No,No
58,129126,16,12,4221,Yes,No
54,88099,22,1,3279,No,No
23,56060,7,13,3653,No,Yes
69,114733,20,14,1716,No,Yes
43,89122,1,2,4474,Yes,No
51,36087,4,12,4186,No,No
76,68868,5,16,3019,Yes,No
73,139119,11,4,2739,Yes,No
76,43225,17,8,2376,No,No
62,115286,29,2,2860,Yes,Yes
23,26643,21,10,2566,Yes,No
54,113059,21,9,3521,Yes,No
74,56727,0,15,62,No,No
50,31005,29,13,3020,Yes,Yes
70,129079,16,17,3671,No,No
39,85697,29,16,3733,No,Yes
38,36029,10,2,3523,No,No
23,135281,9,14,3172,Yes,No
23,34226,18,3,3514,No,Yes
72,83646,13,12,702,Yes,No
65,80603,25,8,670,Yes,No
21,48731,9,2,3840,Yes,Yes
47,129458,14,4,1695,Yes,Yes
28,130384,27,14,2293,No,No
79,88926,18,16,4562,No,No
79,25997,3,19,4809,Yes,No
47,75506,1,2,3541,No,No
48,98229,8,12,3761,No,No
41,69815,9,14,3738,No,No
72,62092,27,6,1429,Yes,No
26,82539,10,13,4293,No,Yes
72,86077,13,4,2095,Yes,No
20,41817,6,18,3098,No,No
68,57861,22,12,1438,Yes,Yes
48,33428,14,19,451,Yes,Yes
57,63934,21,8,2703,Yes,Yes
54,135555,18,7,4374,No,No
53,134367,21,16,3973,Yes,No
41,30258,14,19,317,No,No
48,77775,29,6,4271,Yes,Yes
23,101580,27,11,1775,No,Yes
19,114947,23,5,1162,Yes,No
37,25469,7,16,2725,No,No
45,48854,10,7,4834,Yes,Yes
28,26256,28,5,1330,Yes,No
21,144086,8,11,1282,Yes,No
32,96256,14,15,4426,No,Yes
23,53937,0,3,4588,Yes,No
71,119134,29,5,1913,Yes,Yes
66,21651,0,5,4982,Yes,No
47,70288,18,9,4534,Yes,No
73,104730,2,15,666,No,No
55,45051,9,3,196,Yes,No
68,47386,7,6,4666,Yes,No
79,95054,14,17,4775,No,No
74,131562,9,8,3727,No,Yes
19,36184,0,11,338,No,No
32,53787,28,6,1459,Yes,Yes
28,41621,17,8,63,No,No
25,95564,1,10,306,No,Yes
43,97984,18,3,1771,No,No
68,79792,12,14,1473,Yes,Yes
62,65253,21,14,3040,Yes,No
61,54051,0,10,1245,Yes,No
22,69811,1,12,4609,No,No
23,50447,28,6,4415,Yes,No
43,148046,15,12,1294,No,No
71,103930,14,14,3273,No,No
21,143278,12,2,3520,No,Yes
36,120037,15,9,4217,Yes,No
37,50254,16,10,4019,No,No
50,104045,20,17,1356,No,No
37,136859,28,17,2171,Yes,Yes
66,77418,28,3,2452,No,No
29,134534,6,19,546,No,No
64,34472,23,1,3449,No,No
18,131193,25,12,3656,Yes,No
43,23471,16,7,959,No,Yes
31,127332,6,4,422,Yes,No
55,140312,12,10,4507,Yes,No
54,143379,4,13,1394,No,No
79,115804,25,2,373,No,Yes
28,28329,16,10,2481,No,Yes
53,54865,2,4,4720,No,No
30,66850,6,18,4881,Yes,Yes
60,74220,25,5,2834,Yes,No
20,132234,16,19,2443,No,No
50,113808,6,2,3970,Yes,No
23,128381,20,12,1265,No,Yes
67,26397,0,17,1745,No,No
73,117909,16,10,1957,No,No
27,149004,29,2,4864,No,No
22,55525,16,6,830,Yes,No
40,73072,10,8,1069,Yes,No
27,110106,24,19,3315,No,No
61,103820,26,11,1453,No,No
19,104530,28,12,1476,Yes,No
30,43284,2,9,713,Yes,No
57,81330,14,2,2697,Yes,No
19,103369,28,8,60,No,No
37,45122,20,11,1088,Yes,Yes
18,90553,10,4,2875,No,No
54,101906,25,10,3053,No,No
26,114788,27,16,4730,Yes,Yes
34,82812,15,8,1125,No,No
26,27999,24,4,3138,Yes,Yes
28,42436,21,10,1839,No,No
32,62963,27,12,3086,No,No
41,22096,8,14,4888,No,No
55,149940,23,16,3703,No,No
72,133737,23,18,3225,No,No
52,45279,0,12,4349,No,No
47,141092,28,18,1126,Yes,No
48,128899,24,7,1023,Yes,No
66,134245,21,7,1915,No,No
22,46201,15,9,3175,Yes,No
79,39715,8,1,1349,No,Yes
77,49309,18,6,3456,Yes,No
61,35078,11,6,1208,Yes,Yes
67,76614,18,12,3179,No,No
31,25105,21,12,154,Yes,No
70,137666,8,10,3617,No,No
73,114848,6,6,4398,Yes,No
28,22839,13,17,4440,No,No
26,88920,28,19,1231,Yes,No
51,63619,18,18,4694,No,No
29,62821,18,6,3188,Yes,No
52,145736,1,19,4444,No,Yes
52,33493,8,10,3584,Yes,Yes
18,37069,12,8,4246,No,No
57,132443,14,6,3177,Yes,No
39,27531,2,7,1824,No,Yes
77,57051,10,1,3864,Yes,No
46,27736,20,18,141,No,Yes
25,27710,13,12,496,No,Yes
28,87155,29,16,158,No,No
58,33975,24,10,4462,No,No
54,82424,7,10,3289,Yes,No
31,65603,17,14,4103,Yes,No
77,43252,18,10,4587,Yes,No
47,100797,15,10,1295,No,No
52,21431,1,11,2770,No,Yes
38,94603,7,2,327,No,No
54,57481,21,8,3106,No,Yes
22,112573,5,7,4714,No,No
36,29557,11,8,2972,Yes,Yes
76,94971,14,1,2563,Yes,No
31,123302,24,2,888,Yes,Yes
43,20162,7,18,2851,No,No
79,54742,3,15,79,No,No
21,39675,14,1,1307,No,No
42,93997,27,5,414,No,Yes
62,37015,19,2,1850,No,Yes
59,70057,24,3,954,No,Yes
42,52591,16,19,4843,No,No
35,113583,12,18,2228,Yes,No
57,146133,17,18,2900,Yes,Yes
25,120318,1,14,2886,No,Yes
56,29833,12,8,4496,No,No
57,27896,12,12,229,No,Yes
31,52972,21,10,3923,Yes,Yes
49,69733,14,17,4010,Yes,Yes
68,140363,19,11,1236,No,Yes
78,61800,28,2,4009,Yes,Yes
55,116044,26,4,823,Yes,Yes
50,25347,9,1,4655,Yes,No
40,79063,28,15,4510,No,No
32,115850,2,13,402,Yes,No
50,22643,18,8,4557,Yes,No
42,60785,2,4,4880,No,Yes
34,38681,21,10,3078,No,No
50,70026,13,19,167,Yes,No
64,123864,7,18,531,No,No
72,35892,26,5,4337,Yes,Yes
19,67299,22,19,2687,Yes,No
31,37073,29,16,156,No,Yes
70,122304,3,1,4527,No,No
57,50682,26,12,4928,Yes,No
57,117798,27,2,293,No,No
68,146021,19,8,2682,No,No
56,116894,10,18,4613,Yes,No
68,144302,25,16,915,Yes,No
23,34289,10,5,3031,Yes,Yes
23,135359,26,13,1611,Yes,No
20,27927,29,19,653,Yes,Yes
24,68330,10,3,3112,Yes,No
68,86707,1,8,4068,No,Yes
25,140279,29,12,2065,No,No
59,97454,16,2,1708,Yes,No
69,127439,8,11,3430,No,No
32,124646,27,12,3817,No,No
64,85428,27,18,3820,Yes,Yes
46,70601,1,13,1663,No,No
50,97465,28,5,1929,No,Yes
69,22539,23,12,4158,Yes,No
47,122263,14,2,2396,No,No
56,131487,15,5,1149,No,No
44,42669,24,7,1124,Yes,No
53,90968,3,12,836,No,Yes
46,40644,7,16,198,No,No
55,38745,8,8,1804,No,No
74,140852,25,9,2219,Yes,No
50,148081,25,15,3806,Yes,Yes
78,48228,4,5,1229,No,No
54,138358,15,13,3359,No,Yes
44,54521,12,5,2473,Yes,No
72,142788,29,11,4227,Yes,Yes
50,117239,6,10,4637,No,No
79,46928,25,13,974,Yes,Yes
21,38322,19,9,1653,No,No
39,77714,16,14,3102,No,Yes
19,107896,2,18,4268,Yes,No
27,82292,4,15,4853,Yes,No
22,49055,18,10,2427,No,No
76,62891,11,7,3530,No,Yes
27,101912,28,8,3232,Yes,No
50,26588,26,3,2867,No,Yes
71,110536,6,15,3210,Yes,Yes
55,26304,27,16,4855,Yes,No
30,27345,8,4,4939,Yes,Yes
48,49300,27,6,761,Yes,Yes
64,44259,5,1,2636,Yes,No
53,111006,28,4,2698,No,No
62,108553,25,11,1767,Yes,No
41,35352,16,12,4402,Yes,Yes
69,149350,15,5,920,Yes,Yes
73,53365,22,16,3624,Yes,No
32,39446,2,13,4954,Yes,Yes
46,22336,20,13,320,Yes,No
25,82032,25,17,1593,Yes,Yes
22,95415,3,7,599,No,No
46,117852,9,8,4713,No,No
64,118876,4,13,4064,No,No
21,27521,20,16,4504,No,Yes
29,91707,21,4,1762,Yes,No
62,43481,29,8,3290,No,Yes
19,38474,9,16,1412,Yes,No
44,66760,11,10,4943,No,No
48,75718,9,12,1334,No,Yes
68,64629,28,12,936,Yes,No
68,65232,12,5,2308,Yes,No
53,106544,10,16,4432,No,No
53,87169,21,1,1835,No,No
43,147941,15,9,4888,No,No
60,70669,7,12,3593,No,No
44,98021,7,5,345,Yes,No
22,129153,26,3,2103,No,No
37,89184,24,5,2647,No,Yes
28,67945,7,2,730,No,No
79,33140,12,14,4940,No,No
27,146468,26,2,4348,No,No
57,103457,1,13,374,Yes,No
55,34357,29,7,2341,Yes,No
23,131672,29,10,4472,Yes,No
25,88673,11,13,1036,Yes,No
40,141673,9,16,3168,Yes,Yes
64,85633,11,14,810,No,No
43,96943,10,11,3743,Yes,Yes
63,116111,14,10,1086,Yes,Yes
60,98258,15,6,956,No,No
29,32924,16,4,414,Yes,No
43,89286,25,1,3463,Yes,No
30,113269,1,7,1119,Yes,No
57,147563,17,9,4419,Yes,No
79,94071,11,8,2305,No,No
35,77326,18,5,3736,No,No
42,110023,25,19,4269,Yes,Yes
50,140101,22,10,3131,No,Yes
64,50651,17,11,3308,Yes,No
57,90202,29,15,2157,No,No
77,68777,16,6,2983,No,No
60,36994,29,15,2879,No,No
29,87263,5,5,491,No,No
61,79634,24,19,1609,No,Yes
53,120158,14,19,1791,No,Yes
65,30800,2,10,675,No,No
21,57823,5,12,3913,No,No
22,128575,2,4,1740,No,Yes
73,83878,29,18,2831,No,No
54,38708,28,16,140,No,No
25,32819,0,8,3056,Yes,No
59,94905,29,4,4352,No,Yes
66,83870,12,12,1138,Yes,No
45,29283,27,2,4661,No,Yes
48,50573,20,4,1230,Yes,No
75,98707,25,5,1951,Yes,No
26,50933,13,3,4540,Yes,No
71,25774,12,9,236,No,No
68,92055,26,18,1647,No,Yes
46,30983,3,11,3458,No,Yes
31,116468,6,3,3797,No,No
57,116334,21,2,2720,Yes,Yes
58,38133,9,9,4875,No,Yes
39,145555,6,14,289,No,No
28,34939,20,4,2630,No,No
40,20781,14,9,4286,No,No
18,134586,14,13,188,No,Yes
63,76700,3,18,2556,No,No
54,47624,22,15,4215,No,No
38,26823,22,10,4530,No,No
43,38489,5,16,4775,Yes,Yes
63,138555,23,12,2295,Yes,No
53,59961,19,5,4350,No,No
71,139664,25,2,1799,No,No
40,49118,4,10,617,No,No
74,120417,19,1,4950,No,Yes
18,101816,11,7,931,Yes,Yes
71,42263,0,17,689,Yes,No
72,33565,27,16,4011,No,No
68,40354,7,3,4470,Yes,No
57,62951,0,14,4587,Yes,No
32,111179,4,10,4949,No,No
38,43648,21,7,2385,No,No
64,70729,5,17,4371,No,Yes
26,61971,28,6,3035,Yes,No
70,38658,20,4,609,Yes,Yes
26,41253,2,17,763,No,Yes
27,84166,14,9,4643,No,No
69,68563,4,4,4038,Yes,No
74,46390,27,7,306,Yes,No
70,108664,23,2,626,No,No
43,71578,13,17,87,Yes,No
58,99025,17,8,2122,No,Yes
52,123850,15,15,4555,No,No
69,52658,5,15,510,Yes,No
42,26852,24,8,1490,Yes,No
43,147282,23,16,4528,Yes,Yes
28,114986,13,19,1882,No,Yes
55,22551,26,11,4714,No,No
19,91947,23,2,3449,No,No
24,81001,7,17,482,No,No
35,69159,28,16,4201,No,No
44,142775,6,15,1801,No,No
51,71707,7,13,2097,Yes,No
44,53243,12,15,2890,No,No
34,41800,5,4,306,No,No
60,95939,17,16,721,No,Yes
76,77828,1,12,539,No,No
61,27239,7,4,3764,Yes,No
76,26710,10,3,2146,No,No
68,41384,0,17,1732,Yes,Yes
71,41038,21,18,4461,Yes,No
41,60846,28,18,2510,No,No
42,107983,5,17,4579,No,No
24,87821,15,12,3962,Yes,Yes
69,57991,26,4,2025,Yes,No
23,99057,19,12,3266,No,No
70,133193,11,15,1439,Yes,No
41,26971,10,16,4565,No,Yes
50,49139,28,5,3906,No,No
66,105445,26,15,1634,Yes,Yes
46,97067,28,17,4989,No,Yes
60,100257,9,18,3013,No,No
39,104742,2,5,4579,No,No
43,57711,12,13,1026,Yes,No
45,26530,26,19,3414,Yes,No
67,31116,2,13,95,Yes,No
38,85794,14,18,1243,No,No
66,20282,15,14,3392,Yes,Yes
24,99473,28,4,4562,Yes,No
34,21898,12,4,4993,Yes,No
37,24135,16,19,296,No,No
58,26629,2,13,3269,No,No
66,129472,19,12,4375,Yes,No
37,145147,10,7,841,Yes,No
71,105120,26,12,686,Yes,Yes
39,139798,20,4,3825,No,Yes
45,109087,18,2,2471,Yes,No
78,85031,21,2,4883,No,No
57,53380,10,5,1138,No,Yes
66,149951,29,10,4233,No,Yes
24,132507,27,10,3209,Yes,No
18,37071,15,9,762,Yes,No
49,40074,20,13,4746,No,Yes
30,110724,2,7,3694,No,Yes
47,87843,21,5,3940,No,No
40,59901,5,10,2636,No,No
68,31205,13,10,4359,Yes,Yes
76,75661,23,6,2158,Yes,Yes
73,144661,17,19,4843,No,No
36,25906,16,8,3664,No,No
79,22591,3,1,1292,No,No
49,145576,22,17,2109,Yes,No
47,82987,14,7,3536,No,Yes
46,83370,10,14,4382,Yes,No
66,100685,25,17,3860,No,No
62,130454,2,9,3950,Yes,Yes
46,125487,2,17,2655,Yes,No
47,74400,15,5,4792,No,No
33,45150,4,8,3084,Yes,Yes
57,51852,20,6,4618,Yes,Yes
36,62870,28,11,4257,Yes,Yes
35,139796,9,19,4101,Yes,Yes
18,72756,18,4,3413,No,No
31,135357,24,18,4071,No,No
68,139052,3,1,1895,No,No
64,76481,28,13,432,No,Yes
67,21283,28,14,4162,No,No
19,53691,18,1,4638,Yes,No
71,21125,10,11,3860,Yes,No
45,87065,1,17,1946,Yes,Yes
66,148734,9,4,1559,Yes,Yes
67,46170,28,12,4262,No,No
47,28438,10,10,1628,No,No
55,40095,24,6,929,Yes,No
68,36154,19,1,2212,No,No
21,28004,15,7,1622,Yes,No
18,29752,18,16,1698,Yes,No
25,75426,22,14,4789,No,No
46,128896,23,6,1409,No,No
72,46819,10,5,4481,No,No
56,122168,13,18,3019,No,Yes
20,112051,1,15,4010,No,No
49,147905,22,6,3861,No,Yes
27,44217,27,19,4292,No,Yes
27,145949,4,1,4267,Yes,No
36,108708,26,1,130,No,No
63,52994,4,13,2782,Yes,Yes
51,35036,18,3,2759,Yes,No
77,97275,20,10,2472,No,No
50,117756,11,3,3691,Yes,No
40,69416,17,9,4649,No,No
72,29587,3,8,717,Yes,No
45,130053,21,3,2546,Yes,No
49,115665,16,13,3549,Yes,No
67,20645,9,6,3548,No,No
24,50930,19,13,1494,Yes,Yes
46,101835,5,12,1395,Yes,No
25,142232,24,13,1239,Yes,Yes
18,50090,13,2,508,No,No
74,107489,10,16,1262,Yes,Yes
72,72142,10,6,4609,No,No
20,131979,28,19,961,Yes,No
41,46475,17,13,1075,Yes,Yes
40,38888,26,17,2461,Yes,No
76,63732,22,9,121,No,Yes
78,101623,21,17,2735,Yes,No
25,66305,17,2,1243,Yes,No
71,66037,23,19,1898,Yes,No
74,29346,22,19,2434,Yes,No
64,20587,10,7,2072,No,Yes
54,32763,20,10,3791,Yes,No
20,79165,11,10,4798,Yes,No
68,127481,4,9,1348,Yes,No
50,89615,22,17,4152,Yes,No
45,56116,8,15,954,No,No
64,140987,26,2,3076,Yes,No
25,105751,24,4,2078,Yes,Yes
51,111353,8,19,4761,No,No
52,110301,21,17,2670,Yes,Yes
49,115648,9,5,2696,Yes,No
41,45556,21,7,4915,Yes,Yes
31,79042,18,18,2339,No,No
49,38099,0,7,3922,Yes,Yes
73,129089,6,17,1535,No,No
63,65096,3,7,3201,No,No
60,91986,0,4,1490,No,No
33,33230,14,8,815,No,No
21,49009,7,13,4529,No,No
69,90969,11,4,2488,No,No
54,53866,21,6,4142,No,No
71,125400,21,5,4833,Yes,No
38,104246,17,12,1199,Yes,No
31,96975,14,4,3615,No,No
48,61855,16,9,4192,No,Yes
72,101557,28,4,2022,No,No
65,26416,13,19,2716,No,Yes
35,92516,13,14,513,No,No
24,75915,17,5,4268,No,No
27,38058,19,18,2231,Yes,No
24,96637,17,10,1692,Yes,Yes
50,60718,15,19,3938,No,Yes
40,52602,0,12,890,No,No
38,94658,22,18,2704,No,No
36,98112,26,17,4168,Yes,No
65,78067,10,11,615,No,No
78,47516,14,3,1014,Yes,No
36,149295,11,17,2332,Yes,Yes
53,107969,7,1,1045,Yes,No
46,21089,21,15,1237,No,Yes
77,57346,19,9,4971,No,No
35,94663,29,15,4361,Yes,Yes
19,30487,5,3,3304,Yes,No
18,20155,2,19,706,Yes,Yes
64,143950,27,13,3032,Yes,No
22,87494,23,12,1163,No,Yes
37,96229,25,1,4456,Yes,No
28,124648,29,17,606,No,No
59,58547,12,13,3069,Yes,Yes
19,48795,12,1,2354,No,No
20,75296,1,10,2630,Yes,No
40,41447,4,15,101,No,Yes
72,56598,16,7,1411,No,Yes
29,61814,5,18,1244,No,No
37,110751,1,16,4069,Yes,Yes
22,145118,3,14,3188,No,Yes
54,95330,21,18,1698,Yes,Yes
55,141347,25,7,721,No,No
47,118745,10,17,827,No,No
26,107960,7,18,4977,Yes,Yes
51,83278,11,12,2329,No,No
70,75077,7,8,3072,No,No
61,132782,10,2,1910,Yes,Yes
52,142046,21,7,3189,No,Yes
69,122932,19,4,1124,No,No
75,91906,7,18,1766,No,No
39,29528,28,6,1333,No,No
61,113812,7,9,4736,Yes,No
41,70100,25,9,2036,No,No
34,129869,29,14,2683,No,Yes
27,28179,16,8,1051,No,No
47,68781,19,19,1096,No,No
73,75267,19,3,2226,No,No
76,102379,22,18,2388,No,No
63,43952,15,5,1905,No,Yes
40,73798,13,14,550,No,No
49,118696,29,4,2283,Yes,No
34,130434,10,7,4624,Yes,No
67,70939,6,12,2589,Yes,Yes
68,49516,15,2,4658,Yes,No
34,76526,12,11,3764,No,Yes
31,30449,26,14,2382,No,Yes
26,70290,14,16,650,Yes,Yes
57,146688,23,6,4334,Yes,No
19,106661,15,4,1038,Yes,Yes
62,92954,26,15,1931,No,No
42,42746,20,1,4533,No,Yes
56,87990,22,7,1804,Yes,Yes
26,78810,23,12,2514,Yes,No
71,138362,8,10,2273,Yes,Yes
39,103297,2,5,4532,Yes,No
60,35223,18,12,1544,Yes,No
63,92237,19,18,902,No,No
21,22597,4,10,501,Yes,No
43,85677,9,6,2374,No,No
75,22659,16,12,1808,Yes,No
46,106516,14,7,4358,Yes,Yes
62,94567,22,18,3403,No,No
51,35037,24,2,4186,Yes,No
40,146498,7,10,4745,No,Yes
54,66738,14,15,3388,No,Yes
28,123965,20,12,2638,Yes,Yes
23,91678,29,17,1832,Yes,No
35,32109,13,4,3570,No,No
38,42010,19,7,1829,No,No
59,28787,27,9,3182,Yes,No
53,128400,6,19,3623,No,No
58,28472,20,7,3268,Yes,No
55,135111,22,2,3807,No,Yes
51,43383,11,6,4066,Yes,No
34,81709,16,18,2887,No,No
54,89785,16,6,2431,No,No
42,133253,9,13,4289,Yes,No
55,54518,29,19,3986,No,No
75,73909,28,2,4478,No,Yes
29,38351,18,12,1469,No,No
40,89624,13,15,4200,No,No
70,73330,10,14,1380,No,No
59,142477,1,6,2967,No,Yes
39,35282,17,18,1496,No,Yes
38,104866,6,5,1490,Yes,No
44,127945,11,18,3794,No,Yes
74,41778,25,3,2894,No,Yes
48,44264,1,3,4225,Yes,No
23,79675,26,10,914,No,No
44,25075,19,19,521,No,No
57,95948,17,3,1552,Yes,No
51,68454,5,12,4734,No,No
29,48365,23,16,1460,No,Yes
62,92766,9,17,3820,Yes,No
74,68200,19,7,1955,Yes,No
70,31002,14,13,4709,No,No
24,33947,4,2,4051,No,No
27,99222,19,4,3554,Yes,No
62,114840,2,10,3533,No,No
34,136219,4,7,4612,Yes,Yes
43,98610,29,17,648,Yes,No
38,72142,24,6,1041,Yes,No
45,76307,7,19,1982,No,No
79,24493,7,5,2834,Yes,No
75,144023,7,10,3091,Yes,Yes
63,70085,11,9,116,Yes,No
19,54228,23,13,3448,No,No
77,99676,22,19,2800,No,No
71,71875,7,6,519,No,Yes
60,51655,10,4,1774,Yes,No
18,63472,13,3,4035,No,No
68,69437,7,3,1681,No,No
70,69416,28,4,824,Yes,No
53,79711,29,5,3062,Yes,No
68,26816,23,8,2553,No,No
43,97175,27,16,1536,No,No
46,84307,9,3,4069,Yes,No
38,132728,6,12,4277,No,No
28,66733,27,8,979,Yes,No
57,148202,16,13,3062,Yes,No
28,115028,3,4,1555,No,No
53,136450,28,14,4779,No,Yes
66,31240,12,14,2994,No,No
76,118234,3,13,2869,No,No
56,112493,4,6,1234,Yes,No
57,145149,25,17,338,No,Yes
52,118344,21,4,1861,No,Yes
71,91363,3,8,577,No,Yes
51,52762,17,17,966,Yes,Yes
72,28259,5,3,1758,No,No
64,70139,23,17,3624,No,Yes
41,148775,23,9,3369,Yes,Yes
71,34849,22,2,1456,Yes,Yes
39,101768,21,13,1291,Yes,No
22,126108,1,2,3183,Yes,No
73,109709,22,11,848,Yes,Yes
50,74869,10,15,1573,No,No
75,146888,27,11,4157,Yes,No
53,83095,13,3,4978,Yes,Yes
64,137886,29,3,2938,Yes,No
37,90910,4,12,2740,Yes,Yes
36,106710,5,5,4141,Yes,No
52,43567,9,7,1291,Yes,Yes
69,55292,7,7,740,Yes,No
60,94813,13,13,577,Yes,Yes
34,117136,23,9,1545,No,No
79,71631,2,13,3875,No,No
76,29885,11,12,2943,No,Yes
62,79659,15,13,942,Yes,No
60,74306,27,10,436,Yes,No
51,86314,29,1,1299,Yes,No
26,85087,22,8,2578,No,Yes
43,49165,16,16,4553,Yes,Yes
19,78929,0,13,3578,Yes,No
70,87028,22,3,947,Yes,No
26,115998,9,3,760,No,No
26,69812,24,5,3745,No,Yes
57,70500,22,11,2736,Yes,No
34,99151,9,7,4562,No,No
18,78643,20,10,465,Yes,No
42,64900,23,10,1521,Yes,No
78,62946,1,2,4230,No,Yes
60,27851,8,3,4312,No,Yes
57,36288,21,8,2481,No,Yes
59,92692,12,11,2565,No,No
42,87580,24,13,1145,Yes,Yes
56,27368,15,7,859,Yes,No
52,105436,17,13,3094,No,No
20,116136,18,2,1042,No,No
67,66403,11,6,1331,Yes,No
54,111170,7,9,4420,Yes,Yes
61,29168,16,2,1823,Yes,No
61,106497,14,18,3611,Yes,No
68,69879,9,16,3866,No,No
47,79871,14,12,1806,No,No
55,129632,14,7,2423,No,No
51,131623,22,7,2626,Yes,No
29,109388,6,17,941,Yes,Yes
36,118646,12,13,4234,No,No
54,52174,16,11,757,No,Yes
61,119751,8,6,2447,No,No
76,112491,7,14,4532,Yes,No
76,26581,19,6,2184,No,No
66,130155,25,6,2404,Yes,No
78,91853,26,2,4585,No,No
34,84046,20,15,1026,No,No
27,69678,17,17,784,No,No
74,128392,12,8,2518,Yes,No
72,131250,15,5,2590,Yes,No
66,46649,8,17,682,Yes,Yes
64,147795,11,1,4318,Yes,No
29,108668,11,18,4149,Yes,Yes
79,102325,5,15,2951,Yes,Yes
33,34567,18,5,1713,No,No
41,100404,27,7,2065,Yes,No
36,109906,6,18,3231,No,Yes
25,128069,24,6,4113,Yes,Yes
48,116019,2,5,2680,No,Yes
38,81944,15,19,3922,No,No
34,138428,17,10,1104,Yes,Yes
40,98002,15,15,430,No,Yes
54,48803,22,10,3132,Yes,Yes
71,38230,6,16,2441,Yes,No
33,37862,3,12,1642,Yes,No
23,63355,26,18,4311,Yes,Yes
25,51259,24,1,2797,No,No
42,119075,29,16,2439,Yes,Yes
35,107445,7,6,3603,No,No
42,50795,12,3,3077,No,No
29,134604,12,2,1257,No,Yes
32,28770,16,2,3903,Yes,Yes
76,31093,16,13,594,No,No
43,66571,4,9,3131,Yes,Yes
58,20193,5,16,3713,No,No
62,120311,18,5,2289,Yes,No
43,37569,12,7,2417,Yes,Yes
64,137082,24,13,3823,Yes,No
49,31190,27,13,2677,Yes,No
27,82824,25,7,3981,No,No
33,62752,13,10,2524,No,Yes
24,52327,21,15,3180,Yes,No
34,62070,3,6,3557,No,No
40,105925,27,5,146,Yes,No
43,60197,6,2,3908,Yes,No
38,22261,7,15,2758,No,Yes
39,138424,24,16,3386,Yes,No
75,113905,12,19,506,Yes,No
24,46512,26,9,4418,Yes,No
31,26716,5,19,3037,Yes,No
32,106795,5,7,4138,Yes,Yes
70,48933,23,4,3934,No,No
24,127225,27,3,1081,No,No
26,24378,20,11,257,No,No
68,60583,29,1,1987,Yes,No
65,132082,2,6,1196,Yes,No
25,105371,27,11,4349,Yes,No
67,49033,2,1,2614,Yes,No
76,44000,12,7,492,Yes,No
40,131032,21,6,4834,Yes,Yes
46,95868,1,14,882,No,No
35,62604,15,2,1511,Yes,No
48,88336,21,4,3566,No,No
47,115074,28,11,1209,Yes,No
69,115655,5,15,436,No,No
56,93869,7,18,2091,Yes,Yes
52,25410,22,1,2603,No,No
35,103375,7,3,1768,No,No
76,76044,29,3,4825,Yes,No
59,83315,24,7,4100,Yes,Yes
56,116055,5,1,3459,No,No
34,91344,13,11,739,Yes,Yes
31,26796,2,6,1219,Yes,No
48,106716,9,3,1002,Yes,No
41,74245,2,19,4929,No,No
52,63056,26,2,4640,Yes,No
61,37709,11,18,3546,No,No
77,139664,16,12,3967,No,No
62,78557,26,10,4892,Yes,No
51,37543,28,5,2534,No,Yes
20,57418,4,9,1904,Yes,No
54,114611,29,2,3489,Yes,No
60,123291,19,2,3281,No,Yes
57,133504,24,6,2647,No,Yes
43,123001,8,10,4033,No,No
72,116038,29,18,2241,No,Yes
40,36724,20,12,2685,No,Yes
61,23828,25,4,706,Yes,No
56,136656,19,17,3862,No,No
32,37087,6,15,3390,Yes,No
73,32605,21,6,3961,Yes,Yes
66,51337,3,16,1846,No,Yes
21,25482,12,17,4413,No,No
46,85333,12,3,1812,No,Yes
39,112541,9,10,4522,No,No
42,108296,17,5,3335,No,Yes
30,70952,16,14,1635,Yes,No
35,25463,19,13,3613,Yes,No
50,132164,19,6,2490,Yes,Yes
33,90448,12,12,4634,No,No
62,24648,16,8,4867,No,Yes
59,53623,21,5,3150,Yes,No
61,79156,3,15,3294,No,No
79,55634,0,16,1090,No,No
19,64602,0,1,3177,No,No
72,134598,14,16,2323,Yes,No
52,69334,12,5,3679,No,Yes
59,88648,16,3,2164,Yes,Yes
51,42054,23,15,1727,No,No
47,90028,25,13,3144,No,No
76,42207,7,16,1048,Yes,Yes
72,100650,17,11,2334,No,Yes
30,119821,26,2,1639,No,No
30,101554,12,6,1211,No,No
35,41386,22,6,2570,Yes,No
49,103276,13,14,3905,No,No
49,79518,7,11,4698,No,No
52,72781,7,8,744,No,Yes
76,72780,26,8,4462,No,Yes
56,81440,25,1,4913,No,Yes
63,64199,14,7,3848,Yes,No
69,81035,26,6,3733,Yes,No
46,28210,12,8,2021,No,No
79,64363,6,19,1553,No,Yes
66,131175,4,8,3299,Yes,No
46,98279,16,14,4268,No,No
79,80348,27,18,3292,No,No
70,75284,24,16,1918,No,Yes
61,127628,28,9,1721,No,No
74,129835,15,15,1132,No,Yes
33,92124,22,10,1778,No,No
73,88847,1,16,3901,No,No
61,42432,21,4,2192,No,Yes
64,146252,17,13,1198,Yes,No
74,84089,16,5,303,Yes,Yes
27,75398,29,7,4152,No,No
47,119291,6,9,3592,No,Yes
42,23321,12,8,2825,No,No
56,101348,17,16,4687,No,No
37,57383,28,6,3383,Yes,No
22,133816,13,16,4234,Yes,No
18,98682,29,6,3329,Yes,No
47,143053,17,14,4358,Yes,Yes
66,99190,12,1,2931,No,No
20,72893,10,9,315,No,No
62,55820,20,13,2390,No,No
31,141262,29,19,3198,Yes,No
73,86262,20,17,3409,No,No
47,23760,15,11,1054,No,No
67,42190,22,8,2144,Yes,No
21,87411,16,5,4767,Yes,No
35,43377,7,10,3321,Yes,Yes
79,66737,18,7,4572,Yes,No
54,89569,19,10,259,Yes,No
42,58211,14,4,937,No,No
65,102909,8,9,203,No,No
18,23744,19,14,3643,Yes,Yes
70,145566,9,2,464,No,No
63,44995,11,9,3474,No,No
32,36977,20,1,1334,No,No
26,149508,22,10,3198,No,Yes
32,117938,19,10,818,Yes,Yes
66,54542,29,3,1032,No,No
74,30651,0,6,3252,No,No
41,119239,24,6,4724,No,No
21,98931,19,2,3576,Yes,Yes
29,115344,8,18,2837,No,No
76,122112,21,2,2260,Yes,Yes
75,36715,14,12,1088,Yes,Yes
54,64409,0,5,3982,Yes,No
78,44306,11,7,591,Yes,No
54,39086,2,16,408,No,Yes
60,34376,10,1,899,Yes,No
77,81350,1,1,4572,Yes,Yes
23,91425,15,17,2594,Yes,Yes
56,123358,8,1,4631,Yes,Yes
73,56636,14,13,1881,Yes,No
63,106120,11,9,1522,No,Yes
41,134889,0,15,1486,Yes,No
28,71649,12,3,379,No,Yes
79,54610,13,14,4404,No,Yes
30,30058,24,11,4288,Yes,Yes
51,144876,24,12,4058,No,No
42,148265,7,13,4772,No,No
24,94637,7,13,1438,No,No
69,98033,26,1,4235,Yes,No
21,90194,29,10,769,Yes,No
76,96917,11,3,3285,Yes,No
25,84200,0,4,4626,Yes,Yes
37,125848,10,16,2181,Yes,No
46,126022,7,8,1150,Yes,No
71,66619,9,16,722,Yes,No
70,37154,29,17,566,No,No
68,39539,18,19,2582,No,No
62,145381,10,15,3720,Yes,No
63,80058,6,16,831,No,No
27,82068,10,15,3573,Yes,No
60,97313,16,2,3608,Yes,No
51,119932,0,11,2436,Yes,No
74,50373,25,1,4832,No,No
43,53154,28,15,1639,Yes,No
58,26031,20,19,1551,Yes,Yes
66,113533,20,4,3844,Yes,No
75,91975,7,11,4368,Yes,Yes
20,42785,22,5,3130,No,No
73,98928,23,3,1126,Yes,No
23,138696,5,13,1150,No,No
22,48669,21,10,552,No,No
22,114475,17,11,1389,Yes,No
71,137154,5,18,3935,Yes,Yes
64,22282,4,2,673,No,No
40,54624,12,7,1936,No,No
66,68438,18,9,3400,No,No
26,109900,21,10,1100,No,No
52,87534,7,18,3822,Yes,No
37,51705,8,7,3966,No,Yes
75,58244,16,7,4068,No,No
66,94964,2,3,1379,No,Yes
78,57437,18,12,4164,No,No
76,97872,10,7,3417,Yes,No
59,94878,23,17,4001,Yes,Yes
52,139006,16,1,2547,Yes,No
67,125368,20,5,1623,No,No
35,92982,18,16,2684,No,No
79,70583,1,15,2818,Yes,Yes
34,58392,7,2,1261,Yes,Yes
41,27461,18,9,825,No,No
20,120123,6,7,1210,Yes,Yes
49,30516,27,4,2433,No,No
52,99285,26,18,2704,No,No
55,37514,16,4,3590,No,Yes
30,148657,5,13,4747,No,No
73,141251,18,1,4685,No,No
78,120962,23,3,1145,No,No
64,56268,5,16,73,Yes,No
42,110486,27,4,4769,Yes,No
26,120424,1,16,3606,Yes,No
21,56788,5,19,1129,No,No
31,95749,22,1,4368,Yes,Yes
54,81049,4,5,228,No,No
51,82493,18,19,2897,No,No
28,56027,19,11,2010,No,No
58,113547,3,13,1523,No,No
73,62849,21,5,4938,Yes,No
20,120127,25,4,1262,Yes,No
76,37858,16,4,859,Yes,Yes
45,104162,10,4,469,No,Yes
46,99003,3,4,3709,Yes,Yes
26,72395,25,18,3866,Yes,No
20,59758,12,18,1328,Yes,No
42,74312,19,16,2573,No,No
51,88670,25,9,1490,Yes,No
29,136758,16,18,1390,No,No
59,102279,8,2,2271,Yes,No
26,35434,3,4,2442,No,No
32,84047,22,12,1411,Yes,No
57,67775,27,7,641,Yes,Yes
42,95769,13,15,576,Yes,Yes
22,134682,18,7,2553,No,No
28,86677,25,17,1342,Yes,No
76,103555,27,16,1704,Yes,No
51,148379,2,19,4956,No,No
41,105920,13,9,237,No,Yes
77,128439,7,14,2808,No,No
32,65734,23,17,578,No,No
55,121665,26,5,483,Yes,Yes
25,108503,27,2,3562,Yes,No
76,60603,0,16,1854,No,No
22,96708,9,14,352,Yes,No
65,101926,17,14,4232,No,Yes
43,88803,15,1,487,Yes,No
35,59332,7,3,2638,No,No
23,111703,0,7,882,Yes,Yes
54,41312,11,15,846,No,No
77,113376,7,19,609,No,No
65,104526,23,2,3638,Yes,No
30,64179,15,19,811,Yes,No
45,91442,17,9,3624,Yes,Yes
22,134332,3,19,3835,No,No
30,137961,5,5,2564,Yes,No
34,60379,11,18,734,No,Yes
67,37297,26,16,4283,Yes,No
57,22011,8,4,627,Yes,No
62,136130,14,12,4855,No,No
49,140234,15,7,277,No,No
79,64014,23,14,2378,Yes,Yes
46,132094,11,12,2781,No,No
68,31738,23,3,877,No,Yes
75,114333,22,5,480,Yes,Yes
20,67498,13,17,1113,No,No
73,147792,12,10,1759,Yes,No
57,31120,24,10,1284,Yes,No
51,136517,1,11,351,No,Yes
57,28767,2,17,1470,Yes,No
44,42852,25,5,4678,No,No
30,99239,23,13,818,Yes,No
62,20929,29,10,1454,No,No
50,97487,21,9,493,No,No
23,138387,9,17,3154,No,No
41,111575,8,1,4405,No,Yes
36,146155,25,4,3355,No,No
33,134149,19,4,1588,Yes,No
57,115040,7,18,3980,Yes,No
45,37438,9,9,1381,No,Yes
50,68515,18,18,119,Yes,No
76,25744,2,14,3485,No,No
76,103820,23,15,530,No,No
65,62417,4,6,4144,Yes,No
58,125284,2,10,3546,Yes,No
30,27069,25,15,2843,No,No
60,62359,26,4,2942,No,No
62,39799,15,18,1248,No,Yes
42,118746,16,18,2422,No,No
70,113762,14,17,1942,No,No
59,140906,2,12,1933,No,No
53,90188,11,7,847,Yes,No
44,109859,8,16,67,No,Yes
55,142521,20,11,93,No,No
77,127674,11,14,204,Yes,No
24,27597,25,3,3498,No,No
22,67093,14,19,4888,No,Yes
60,57226,1,18,4130,Yes,No
62,92127,22,10,1475,No,No
75,134650,17,6,4370,Yes,No
74,111369,19,13,4362,No,No
68,97362,11,10,3689,Yes,No
48,46417,22,18,4176,Yes,No
40,38693,3,16,1942,Yes,No
59,99674,22,6,947,No,No
27,140956,15,13,3474,No,No
49,135598,22,4,4590,Yes,No
60,139028,15,14,1308,Yes,No
70,147517,0,1,2065,No,Yes
47,73161,21,5,4883,No,No
56,141316,24,8,1752,No,No
48,22169,1,12,923,No,Yes
35,104092,29,2,615,No,Yes
53,42052,2,12,2068,Yes,Yes
19,91849,25,5,1935,No,No
31,93851,20,5,2173,Yes,No
30,28036,24,13,4692,No,Yes
46,51778,19,9,2364,Yes,No
29,47734,16,10,4462,Yes,No
56,43173,19,1,3933,No,No
19,50403,21,3,3242,Yes,No
49,86321,20,18,1909,Yes,No
30,91675,29,12,74,Yes,No
63,26344,28,3,3553,Yes,Yes
44,38800,0,9,4305,No,Yes
66,45372,19,2,1187,Yes,No
58,81516,5,3,1239,No,No
34,40538,28,14,4848,Yes,No
57,83918,14,4,4146,No,Yes
48,34973,25,19,3207,No,Yes
51,91155,25,13,2417,No,No
77,120240,13,7,4527,Yes,No
41,79500,19,12,1791,No,No
62,56575,14,3,3738,No,No
52,125455,13,9,3796,Yes,No
65,62261,24,2,947,No,No
23,130659,20,9,4073,Yes,No
36,47716,23,12,766,Yes,Yes
47,23236,24,12,4017,No,No
24,35848,25,15,4071,Yes,No
27,22352,4,2,3265,Yes,No
58,21932,5,18,440,Yes,No
49,96449,16,13,3934,No,No
51,28556,10,14,1749,Yes,Yes
45,106836,15,5,3087,Yes,Yes
77,25498,11,10,282,Yes,Yes
32,96118,14,12,1976,No,Yes
47,70098,22,10,3181,Yes,No
54,84386,3,11,3356,No,No
46,132169,26,2,2774,Yes,Yes
39,29569,17,5,4851,No,No
21,136127,20,7,283,No,No
37,146060,27,6,1441,No,No
49,76882,2,3,2942,Yes,No
53,90393,21,13,1305,Yes,No
67,20340,7,3,2588,Yes,Yes
21,63949,22,6,3740,No,No
44,102302,2,11,939,Yes,Yes
34,82443,7,17,4737,Yes,No
29,111668,17,10,795,No,No
39,94027,9,12,1769,Yes,No
34,20138,24,17,477,Yes,No
27,20358,19,4,781,No,No
71,139619,16,2,849,No,Yes
18,95250,7,11,4347,Yes,No
39,105376,22,7,885,No,No
43,119931,10,2,184,Yes,No
73,50654,28,18,2588,Yes,Yes
76,45879,4,4,3768,Yes,No
35,101532,25,8,90,Yes,No
67,75778,12,14,3417,Yes,No
31,57772,20,12,2465,No,No
64,78478,22,18,2090,No,No
46,84353,4,11,4389,Yes,No
29,46762,23,8,2999,No,No
53,33283,26,2,4311,No,No
76,83922,12,15,3516,Yes,No
52,59420,5,9,3138,No,Yes
69,75568,28,19,4873,No,Yes
78,105090,4,8,1165,Yes,No
29,40219,8,19,4628,Yes,Yes
24,77169,26,5,2640,Yes,No
46,120455,15,11,3623,Yes,Yes
28,94965,1,15,3028,Yes,No
50,66840,0,8,2497,Yes,Yes
23,64695,7,19,1280,Yes,No
64,125209,27,8,2716,No,No
32,104754,18,19,4975,Yes,No
49,97988,29,18,4904,No,No
68,78342,10,10,4308,No,Yes
28,134516,27,7,2644,Yes,Yes
75,38951,11,9,3480,No,No
40,21307,11,1,2967,No,No
43,100388,6,19,3002,No,No
51,110768,25,5,2045,Yes,No
63,55428,12,19,3941,No,No
51,128707,26,1,356,No,Yes
46,112021,7,15,1412,Yes,No
21,138418,28,16,2152,No,No
34,95774,28,7,3080,No,No
52,58975,21,12,382,No,No
30,137850,27,8,2802,No,Yes
58,21140,25,5,292,No,No
56,148865,29,10,1934,Yes,Yes
32,44842,8,5,1482,No,No
72,46421,6,17,2600,Yes,No
46,21708,25,5,352,No,No
46,23630,20,15,4380,Yes,No
28,39595,23,13,3159,Yes,Yes
69,96021,14,1,2236,Yes,No
49,48308,1,11,4340,No,No
19,64789,22,1,1600,No,No
64,75690,19,11,1842,No,Yes
31,46086,24,18,696,No,Yes
37,36859,11,18,4706,No,Yes
39,27684,0,16,762,Yes,No
28,111088,22,13,4558,Yes,Yes
44,21207,21,7,587,Yes,No
20,66099,7,1,284,No,No
34,87496,4,16,2446,No,No
79,86093,14,1,1554,Yes,No
61,49689,0,17,1424,No,Yes
73,68651,0,6,4561,No,No
45,33893,24,2,1959,Yes,No
46,117808,9,17,965,Yes,No
38,86418,21,6,4008,No,No
64,145074,9,14,130,No,Yes
33,123065,20,18,2133,Yes,No
54,80011,14,6,2738,No,No
76,58635,16,10,1740,Yes,No
37,76115,21,18,806,Yes,Yes
23,115071,5,9,2720,Yes,Yes
36,98405,2,8,3801,No,No
74,92702,12,10,3602,Yes,No
22,98518,15,17,517,Yes,No
20,126233,7,6,1544,No,No
76,123651,29,14,1069,Yes,No
18,92805,14,6,951,No,Yes
75,78954,16,7,722,No,Yes
77,48064,16,12,488,No,No
55,142813,21,3,4272,Yes,No
32,99063,25,14,2126,Yes,No
51,22454,12,19,494,No,No
78,40878,16,16,1015,No,No
52,71098,5,7,3840,No,No
66,82154,16,8,513,Yes,Yes
42,32991,15,18,2248,No,Yes
41,88344,13,13,2337,No,No
29,124946,12,9,3815,No,No
35,56593,5,10,3226,Yes,No
32,56304,2,9,4058,No,Yes
61,50386,13,15,3554,Yes,Yes
33,75220,13,2,962,Yes,No
44,133613,14,13,546,No,No
25,89338,7,2,1513,No,No
77,114289,28,19,4303,No,No
63,41083,14,2,4317,Yes,No
42,38354,21,3,543,Yes,Yes
34,42190,28,6,1476,Yes,Yes
46,26142,26,3,1742,No,No
70,48398,12,10,1843,Yes,No
25,71971,16,6,2773,No,Yes
32,61862,20,16,708,No,No
44,118668,23,17,4811,No,Yes
63,73410,2,19,4512,Yes,No
67,39503,27,3,599,Yes,Yes
69,145438,5,18,692,Yes,No
24,68456,4,7,4400,No,Yes
20,120167,21,9,257,Yes,No
46,102035,25,12,2547,Yes,Yes
61,125388,16,5,4240,No,No
70,28016,22,3,1933,No,No
41,22384,24,11,2936,Yes,Yes
77,82320,1,4,527,No,Yes
75,35072,25,5,811,Yes,No
20,122239,14,1,239,No,No
37,131431,4,18,805,No,Yes
63,100018,25,12,1496,Yes,Yes
32,60510,19,13,4981,No,Yes
42,68933,5,9,1713,No,Yes
47,41826,5,2,1885,No,No
31,88026,26,5,4278,Yes,No
24,141668,17,13,4200,No,No
34,131628,17,16,4110,No,No
79,45518,3,16,4655,Yes,No
61,44045,16,3,4815,Yes,No
37,70876,24,4,3662,No,No
53,112446,13,11,1739,No,No
26,110102,13,14,1366,No,No
55,71919,12,3,4879,Yes,Yes
65,119441,6,16,3236,No,Yes
74,47103,11,15,4070,Yes,Yes
77,138805,22,10,4404,Yes,Yes
39,56188,14,9,1195,No,No
71,25845,18,11,4444,No,No
70,106698,10,16,610,Yes,No
70,56674,14,10,1962,No,Yes
19,138325,11,17,1914,No,No
41,39337,2,19,346,Yes,Yes
25,42313,16,2,2459,No,No
28,46943,2,2,2686,Yes,No
30,97949,18,6,1511,No,Yes
34,20276,19,19,4342,Yes,No
25,71151,3,8,2318,Yes,No
38,37611,2,3,1044,No,Yes
35,124641,25,14,57,Yes,Yes
47,31944,15,16,2641,Yes,No
35,72887,11,1,2565,No,Yes
63,101442,7,3,4465,No,No
64,69847,23,18,1467,No,No
48,78653,28,9,2366,Yes,Yes
55,106072,28,6,3982,Yes,Yes
49,142589,16,1,1337,Yes,No
28,76622,6,10,2894,No,No
62,47810,10,6,1168,Yes,No
42,97842,17,12,602,Yes,No
50,142225,0,4,710,No,No
77,30503,2,13,765,Yes,Yes
55,104761,3,17,3635,No,No
58,56976,12,8,3811,No,No
25,146439,5,3,2579,No,No
28,31590,25,12,4020,Yes,No
39,143421,13,7,3457,Yes,No
68,30886,4,12,1508,Yes,No
41,32866,15,2,3317,No,No
58,86624,14,14,904,No,No
34,88899,14,5,4810,No,Yes
29,52792,29,9,3587,Yes,Yes
74,29764,3,11,1947,Yes,No
63,140832,7,5,322,Yes,Yes
49,145838,26,3,4137,Yes,No
32,140356,15,17,1322,Yes,No
33,106156,27,2,4424,No,Yes
71,62727,15,1,4069,Yes,No
39,98471,29,7,865,No,No
45,28068,3,14,4421,No,No
37,136923,12,5,972,Yes,No
50,27295,25,19,4787,No,No
27,61160,27,11,4650,Yes,No
57,31390,12,2,4917,Yes,Yes
49,126752,1,8,1314,No,No
67,40131,2,9,3774,Yes,No
77,114754,21,3,2837,Yes,Yes
50,95969,7,2,2772,No,No
19,35038,23,7,4273,No,No
50,72327,14,5,2600,No,No
50,113718,10,5,2999,No,No
58,97064,8,13,1723,No,No
30,41281,6,6,4637,No,No
47,74189,12,18,3142,Yes,No
50,68511,1,2,2888,Yes,No
30,142115,7,6,1716,Yes,No
69,28605,6,9,4561,No,No
43,120318,23,3,2245,Yes,No
39,21381,11,1,1434,No,Yes
56,86634,18,1,4453,Yes,Yes
